,model,alpha,length,loc_error,num_traj,UCL,eduN,UPV-MAT,Erasmus MC,WUST ML A,WUST ML B,BIT
0,sbm,0.05,10,1.33,2,1.0,1.0,1.0,1.0,1.0,1.0,0.5
1,sbm,0.05,10,1.67,1,1.0,1.0,1.0,1.0,1.0,1.0,0.0
2,sbm,0.05,10,4.0,4,0.75,0.5,1.0,1.0,0.5,0.75,0.5
3,sbm,0.05,10,4.33,6,0.6666666666666666,0.5,0.6666666666666666,0.8333333333333334,0.6666666666666666,0.3333333333333333,0.16666666666666666
4,sbm,0.05,10,7.0,4,1.0,0.75,1.0,1.0,1.0,1.0,0.5
5,sbm,0.05,10,7.33,1,1.0,1.0,1.0,1.0,1.0,1.0,0.0
6,sbm,0.05,10,10.0,1,1.0,0.0,1.0,1.0,0.0,1.0,0.0
7,sbm,0.25,10,1.0,1,0.0,0.0,0.0,0.0,0.0,0.0,0.0
8,sbm,0.25,10,1.33,2,1.0,1.0,1.0,1.0,0.5,1.0,0.5
9,sbm,0.25,10,1.67,4,0.5,0.75,1.0,1.0,1.0,1.0,0.5
10,sbm,0.25,10,2.0,4,1.0,0.75,1.0,1.0,0.75,1.0,0.5
11,sbm,0.25,10,4.0,2,0.5,0.5,0.5,0.5,0.0,0.0,0.5
12,sbm,0.25,10,4.33,3,0.6666666666666666,0.3333333333333333,0.6666666666666666,0.6666666666666666,0.0,0.6666666666666666,0.3333333333333333
13,sbm,0.25,10,4.67,5,1.0,0.8000000000000002,1.0,0.8000000000000002,0.4000000000000001,0.8000000000000002,0.4000000000000001
14,sbm,0.25,10,7.0,4,1.0,0.75,1.0,1.0,0.75,0.75,0.25
15,sbm,0.25,10,7.33,2,1.0,1.0,1.0,1.0,0.0,1.0,0.5
16,sbm,0.25,10,10.0,2,1.0,0.5,1.0,1.0,0.0,0.0,1.0
17,sbm,0.45,10,1.0,2,0.5,0.5,1.0,1.0,0.5,0.0,0.5
18,sbm,0.45,10,1.33,1,1.0,1.0,1.0,1.0,0.0,1.0,1.0
19,sbm,0.45,10,1.67,3,0.6666666666666666,0.6666666666666666,0.0,0.6666666666666666,0.0,0.6666666666666666,0.6666666666666666
20,sbm,0.45,10,4.0,2,0.5,0.5,0.5,1.0,0.5,0.5,0.0
21,sbm,0.45,10,4.33,4,0.75,0.5,0.75,0.75,0.25,1.0,0.25
22,sbm,0.45,10,4.67,2,0.5,0.5,0.5,0.5,1.0,0.5,0.0
23,sbm,0.45,10,7.0,1,1.0,1.0,1.0,1.0,1.0,0.0,0.0
24,sbm,0.45,10,7.33,2,0.5,0.5,1.0,1.0,1.0,0.5,0.0
25,sbm,0.45,10,10.0,1,1.0,1.0,1.0,1.0,0.0,1.0,1.0
26,sbm,0.6500000000000001,10,1.0,1,1.0,0.0,1.0,1.0,0.0,1.0,1.0
27,sbm,0.6500000000000001,10,1.33,6,0.8333333333333334,0.6666666666666666,0.6666666666666666,0.5,0.8333333333333334,0.5,0.5
28,sbm,0.6500000000000001,10,1.67,1,0.0,1.0,0.0,0.0,0.0,1.0,0.0
29,sbm,0.6500000000000001,10,4.0,2,0.5,1.0,0.5,0.5,0.0,0.5,0.5
30,sbm,0.6500000000000001,10,4.33,5,1.0,1.0,1.0,1.0,0.4000000000000001,0.8000000000000002,0.8000000000000002
31,sbm,0.6500000000000001,10,4.67,2,1.0,0.5,1.0,1.0,1.0,1.0,0.5
32,sbm,0.6500000000000001,10,7.0,2,0.0,0.0,0.0,1.0,0.0,0.0,0.0
33,sbm,0.6500000000000001,10,7.33,4,0.5,0.75,1.0,0.75,0.0,0.25,0.5
34,sbm,0.6500000000000001,10,10.0,1,1.0,0.0,0.0,0.0,0.0,0.0,0.0
35,sbm,0.8500000000000001,10,1.0,1,1.0,1.0,1.0,1.0,0.0,1.0,0.0
36,sbm,0.8500000000000001,10,1.33,4,0.25,0.25,0.25,0.5,0.5,0.5,0.0
37,sbm,0.8500000000000001,10,1.67,6,0.5,0.6666666666666666,0.5,0.6666666666666666,0.16666666666666666,0.6666666666666666,0.0
38,sbm,0.8500000000000001,10,2.0,3,0.0,0.0,0.3333333333333333,0.0,0.0,0.3333333333333333,0.6666666666666666
39,sbm,0.8500000000000001,10,4.0,3,0.6666666666666666,0.0,0.0,0.3333333333333333,0.0,0.6666666666666666,0.3333333333333333
40,sbm,0.8500000000000001,10,4.33,7,0.42857142857142855,0.7142857142857143,0.42857142857142855,0.5714285714285714,0.5714285714285714,0.42857142857142855,0.14285714285714285
41,sbm,0.8500000000000001,10,7.0,1,0.0,0.0,0.0,0.0,1.0,0.0,0.0
42,sbm,0.8500000000000001,10,7.33,1,1.0,1.0,1.0,1.0,1.0,1.0,0.0
43,sbm,1.05,10,1.0,1,1.0,1.0,1.0,1.0,0.0,1.0,0.0
44,sbm,1.05,10,1.33,1,1.0,1.0,1.0,1.0,0.0,1.0,0.0
45,sbm,1.05,10,4.0,4,0.5,0.75,0.5,0.25,0.25,0.5,0.25
46,sbm,1.05,10,4.67,2,1.0,1.0,1.0,1.0,0.5,0.5,0.0
47,sbm,1.05,10,7.0,2,0.5,0.5,0.5,0.5,0.5,0.0,0.5
48,sbm,1.05,10,7.33,1,1.0,1.0,1.0,1.0,1.0,1.0,0.0
49,sbm,1.2500000000000002,10,1.33,2,0.5,0.0,0.0,0.0,0.5,1.0,0.0
50,sbm,1.2500000000000002,10,1.67,2,0.5,0.0,0.5,0.5,0.0,0.5,0.5
51,sbm,1.2500000000000002,10,4.0,2,1.0,1.0,0.5,1.0,1.0,0.0,0.0
52,sbm,1.2500000000000002,10,4.33,8,0.75,0.5,0.5,0.75,0.25,0.5,0.25
53,sbm,1.2500000000000002,10,4.67,1,1.0,1.0,1.0,1.0,1.0,1.0,0.0
54,sbm,1.2500000000000002,10,7.0,2,0.5,0.5,0.0,0.5,0.0,0.0,0.5
55,sbm,1.2500000000000002,10,7.33,3,0.6666666666666666,1.0,0.3333333333333333,1.0,0.3333333333333333,0.3333333333333333,1.0
56,sbm,1.4500000000000002,10,1.0,1,0.0,0.0,1.0,0.0,0.0,0.0,0.0
57,sbm,1.4500000000000002,10,1.33,4,0.5,0.5,0.5,0.75,0.25,0.0,0.5
58,sbm,1.4500000000000002,10,1.67,1,0.0,1.0,0.0,1.0,0.0,0.0,0.0
59,sbm,1.4500000000000002,10,2.0,1,0.0,1.0,0.0,1.0,0.0,0.0,1.0
60,sbm,1.4500000000000002,10,4.0,1,1.0,1.0,1.0,1.0,0.0,1.0,0.0
61,sbm,1.4500000000000002,10,4.33,2,0.5,1.0,1.0,1.0,1.0,0.5,0.0
62,sbm,1.4500000000000002,10,4.67,1,1.0,1.0,1.0,1.0,0.0,1.0,0.0
63,sbm,1.4500000000000002,10,7.0,3,0.6666666666666666,0.6666666666666666,0.3333333333333333,1.0,1.0,0.0,0.3333333333333333
64,sbm,1.4500000000000002,10,7.33,1,1.0,1.0,1.0,0.0,0.0,1.0,1.0
65,sbm,1.4500000000000002,10,10.0,1,0.0,1.0,1.0,1.0,1.0,0.0,1.0
66,sbm,1.6500000000000001,10,4.0,2,0.5,0.5,0.0,0.5,0.0,0.5,0.5
67,sbm,1.6500000000000001,10,4.67,1,1.0,1.0,1.0,1.0,1.0,1.0,0.0
68,sbm,1.6500000000000001,10,7.0,1,1.0,1.0,1.0,1.0,1.0,0.0,1.0
69,sbm,1.6500000000000001,10,7.33,1,1.0,1.0,1.0,1.0,1.0,0.0,1.0
70,sbm,1.6500000000000001,10,10.0,1,1.0,1.0,1.0,1.0,1.0,1.0,0.0
71,sbm,1.85,10,1.0,2,1.0,0.5,0.5,0.5,0.5,0.0,0.5
72,sbm,1.85,10,1.33,2,0.5,0.5,1.0,0.5,0.0,0.5,0.0
73,sbm,1.85,10,1.67,3,0.6666666666666666,0.6666666666666666,0.3333333333333333,0.6666666666666666,0.6666666666666666,0.6666666666666666,1.0
74,sbm,1.85,10,4.0,1,1.0,1.0,1.0,1.0,1.0,0.0,0.0
75,sbm,1.85,10,4.33,4,1.0,1.0,0.75,0.75,0.75,0.5,0.5
76,sbm,1.85,10,4.67,4,0.5,0.5,0.75,0.5,0.5,0.75,0.5
77,sbm,1.85,10,7.0,2,0.5,1.0,0.0,1.0,1.0,0.5,0.0
78,sbm,1.85,10,7.33,1,1.0,1.0,1.0,0.0,0.0,1.0,1.0
79,sbm,0.05,60,1.33,2,1.0,0.0,0.5,0.5,0.5,0.5,0.0
80,sbm,0.05,60,1.67,4,0.5,0.75,0.5,0.5,0.25,0.5,1.0
81,sbm,0.05,60,4.0,2,1.0,0.5,0.5,1.0,0.5,0.5,0.0
82,sbm,0.05,60,4.33,4,0.75,0.75,1.0,0.75,0.75,0.75,0.0
83,sbm,0.05,60,4.67,3,1.0,0.6666666666666666,0.3333333333333333,1.0,0.3333333333333333,0.6666666666666666,0.3333333333333333
84,sbm,0.05,60,7.0,3,1.0,1.0,0.6666666666666666,1.0,1.0,0.3333333333333333,0.3333333333333333
85,sbm,0.05,60,7.33,1,1.0,1.0,1.0,1.0,0.0,0.0,1.0
86,sbm,0.05,60,10.0,1,0.0,1.0,1.0,1.0,1.0,1.0,0.0
87,sbm,0.25,60,1.0,2,1.0,1.0,1.0,1.0,1.0,1.0,0.0
88,sbm,0.25,60,1.67,2,0.5,0.5,1.0,0.0,0.5,0.5,0.0
89,sbm,0.25,60,4.0,6,1.0,1.0,0.6666666666666666,1.0,0.5,0.3333333333333333,0.5
90,sbm,0.25,60,4.33,3,1.0,0.6666666666666666,1.0,1.0,1.0,0.6666666666666666,0.0
91,sbm,0.25,60,4.67,2,1.0,1.0,1.0,1.0,1.0,1.0,0.5
92,sbm,0.25,60,7.0,3,1.0,1.0,1.0,0.6666666666666666,0.3333333333333333,0.6666666666666666,0.6666666666666666
93,sbm,0.25,60,10.0,1,1.0,1.0,1.0,1.0,1.0,0.0,1.0
94,sbm,0.45,60,1.0,4,1.0,1.0,0.75,1.0,0.75,0.75,0.5
95,sbm,0.45,60,1.33,2,1.0,0.5,0.5,1.0,0.5,1.0,0.0
96,sbm,0.45,60,1.67,2,0.5,1.0,1.0,1.0,1.0,1.0,0.5
97,sbm,0.45,60,4.0,4,1.0,1.0,0.75,1.0,1.0,0.75,0.25
98,sbm,0.45,60,4.33,4,1.0,0.75,1.0,1.0,0.25,0.25,0.5
99,sbm,0.45,60,4.67,4,1.0,0.75,1.0,1.0,0.75,0.5,0.25
100,sbm,0.45,60,7.0,1,1.0,1.0,1.0,1.0,0.0,0.0,1.0
101,sbm,0.45,60,7.33,3,1.0,1.0,0.6666666666666666,1.0,1.0,0.6666666666666666,0.3333333333333333
102,sbm,0.45,60,10.0,1,1.0,1.0,1.0,1.0,1.0,1.0,0.0
103,sbm,0.6500000000000001,60,1.0,1,1.0,1.0,0.0,1.0,1.0,0.0,0.0
104,sbm,0.6500000000000001,60,1.33,3,1.0,0.6666666666666666,1.0,1.0,0.0,0.0,1.0
105,sbm,0.6500000000000001,60,1.67,2,1.0,1.0,0.5,1.0,0.5,1.0,0.0
106,sbm,0.6500000000000001,60,4.0,3,1.0,1.0,1.0,1.0,0.6666666666666666,1.0,0.3333333333333333
107,sbm,0.6500000000000001,60,4.33,6,0.8333333333333334,0.8333333333333334,0.8333333333333334,1.0,0.5,0.6666666666666666,0.3333333333333333
108,sbm,0.6500000000000001,60,4.67,2,1.0,1.0,1.0,1.0,1.0,1.0,0.0
109,sbm,0.6500000000000001,60,7.0,1,1.0,1.0,1.0,1.0,1.0,1.0,0.0
110,sbm,0.6500000000000001,60,7.33,1,1.0,1.0,1.0,1.0,1.0,1.0,0.0
111,sbm,0.8500000000000001,60,1.67,6,0.5,0.6666666666666666,0.5,0.6666666666666666,0.16666666666666666,0.16666666666666666,0.3333333333333333
112,sbm,0.8500000000000001,60,2.0,1,1.0,1.0,1.0,1.0,1.0,1.0,0.0
113,sbm,0.8500000000000001,60,4.0,8,0.875,0.875,0.625,0.875,0.625,0.125,0.25
114,sbm,0.8500000000000001,60,4.33,7,0.7142857142857143,0.42857142857142855,0.42857142857142855,0.7142857142857143,0.14285714285714285,0.42857142857142855,0.2857142857142857
115,sbm,0.8500000000000001,60,4.67,1,0.0,0.0,1.0,1.0,0.0,1.0,1.0
116,sbm,0.8500000000000001,60,7.0,3,0.6666666666666666,0.6666666666666666,0.6666666666666666,0.6666666666666666,0.6666666666666666,1.0,0.0
117,sbm,0.8500000000000001,60,7.33,7,1.0,0.8571428571428571,1.0,1.0,0.8571428571428571,1.0,0.0
118,sbm,0.8500000000000001,60,10.0,1,0.0,0.0,0.0,0.0,0.0,0.0,0.0
119,sbm,1.05,60,1.33,3,0.6666666666666666,0.6666666666666666,0.6666666666666666,0.3333333333333333,1.0,0.6666666666666666,0.0
120,sbm,1.05,60,2.0,1,1.0,1.0,1.0,1.0,1.0,1.0,0.0
121,sbm,1.05,60,4.0,1,1.0,1.0,0.0,1.0,1.0,1.0,1.0
122,sbm,1.05,60,4.33,4,0.75,0.5,0.75,1.0,0.5,0.5,0.5
123,sbm,1.05,60,4.67,1,1.0,1.0,1.0,1.0,1.0,1.0,0.0
124,sbm,1.05,60,7.0,3,0.6666666666666666,1.0,0.6666666666666666,1.0,0.3333333333333333,0.0,0.3333333333333333
125,sbm,1.2500000000000002,60,1.33,2,0.5,0.5,1.0,0.5,1.0,0.5,0.5
126,sbm,1.2500000000000002,60,4.0,3,1.0,0.6666666666666666,0.6666666666666666,0.6666666666666666,0.3333333333333333,0.3333333333333333,1.0
127,sbm,1.2500000000000002,60,4.33,6,0.8333333333333334,1.0,1.0,1.0,0.5,0.6666666666666666,0.5
128,sbm,1.2500000000000002,60,4.67,1,1.0,1.0,1.0,1.0,1.0,1.0,0.0
129,sbm,1.2500000000000002,60,7.0,2,0.5,1.0,0.5,0.5,0.5,0.0,1.0
130,sbm,1.4500000000000002,60,1.33,3,0.6666666666666666,0.6666666666666666,0.3333333333333333,0.0,0.3333333333333333,0.3333333333333333,0.6666666666666666
131,sbm,1.4500000000000002,60,1.67,1,1.0,1.0,0.0,0.0,0.0,0.0,1.0
132,sbm,1.4500000000000002,60,4.33,3,1.0,0.6666666666666666,1.0,0.6666666666666666,1.0,0.6666666666666666,1.0
133,sbm,1.4500000000000002,60,4.67,2,1.0,1.0,1.0,1.0,1.0,0.0,0.0
134,sbm,1.4500000000000002,60,7.0,2,1.0,1.0,1.0,1.0,1.0,1.0,1.0
135,sbm,1.4500000000000002,60,7.33,3,1.0,1.0,1.0,0.6666666666666666,1.0,0.3333333333333333,1.0
136,sbm,1.6500000000000001,60,1.33,1,1.0,0.0,1.0,1.0,1.0,1.0,1.0
137,sbm,1.6500000000000001,60,1.67,1,1.0,1.0,0.0,1.0,1.0,0.0,0.0
138,sbm,1.6500000000000001,60,4.0,1,0.0,0.0,1.0,0.0,1.0,1.0,1.0
139,sbm,1.6500000000000001,60,4.33,1,1.0,1.0,1.0,1.0,1.0,1.0,1.0
140,sbm,1.6500000000000001,60,4.67,1,1.0,1.0,1.0,1.0,0.0,1.0,1.0
141,sbm,1.6500000000000001,60,7.0,1,1.0,1.0,1.0,1.0,1.0,0.0,1.0
142,sbm,1.6500000000000001,60,10.0,1,1.0,1.0,1.0,1.0,0.0,1.0,1.0
143,sbm,1.85,60,1.33,2,1.0,1.0,1.0,1.0,1.0,1.0,0.5
144,sbm,1.85,60,1.67,3,1.0,0.6666666666666666,1.0,1.0,0.6666666666666666,0.3333333333333333,0.3333333333333333
145,sbm,1.85,60,2.0,1,0.0,0.0,0.0,0.0,0.0,0.0,0.0
146,sbm,1.85,60,4.0,2,1.0,1.0,0.5,0.5,0.5,0.5,0.5
147,sbm,1.85,60,4.33,2,1.0,1.0,1.0,1.0,1.0,0.5,1.0
148,sbm,1.85,60,7.33,3,1.0,0.6666666666666666,1.0,1.0,0.6666666666666666,1.0,1.0
149,sbm,0.05,110,1.33,4,1.0,1.0,1.0,1.0,0.75,0.0,0.25
150,sbm,0.05,110,1.67,1,1.0,1.0,1.0,1.0,1.0,1.0,0.0
151,sbm,0.05,110,2.0,1,1.0,1.0,1.0,1.0,1.0,1.0,1.0
152,sbm,0.05,110,4.0,6,0.8333333333333334,1.0,1.0,0.6666666666666666,0.8333333333333334,0.6666666666666666,0.5
153,sbm,0.05,110,4.33,4,1.0,1.0,1.0,1.0,1.0,1.0,0.5
154,sbm,0.05,110,4.67,1,1.0,1.0,1.0,1.0,0.0,1.0,1.0
155,sbm,0.05,110,7.0,1,1.0,1.0,1.0,1.0,1.0,1.0,1.0
156,sbm,0.05,110,10.0,1,1.0,1.0,1.0,1.0,1.0,1.0,0.0
157,sbm,0.25,110,1.0,1,1.0,1.0,1.0,1.0,1.0,1.0,1.0
158,sbm,0.25,110,2.0,2,0.5,1.0,1.0,1.0,0.0,0.5,0.0
159,sbm,0.25,110,4.0,3,0.6666666666666666,1.0,1.0,1.0,1.0,0.0,0.6666666666666666
160,sbm,0.25,110,4.33,3,1.0,1.0,1.0,0.6666666666666666,1.0,0.3333333333333333,0.3333333333333333
161,sbm,0.25,110,4.67,3,1.0,1.0,1.0,1.0,1.0,0.6666666666666666,0.3333333333333333
162,sbm,0.25,110,7.0,1,1.0,0.0,1.0,1.0,1.0,0.0,0.0
163,sbm,0.25,110,7.33,4,0.75,1.0,0.75,1.0,1.0,1.0,0.0
164,sbm,0.45,110,1.0,2,1.0,1.0,1.0,1.0,0.5,1.0,0.5
165,sbm,0.45,110,1.33,3,1.0,1.0,1.0,1.0,0.6666666666666666,0.3333333333333333,0.6666666666666666
166,sbm,0.45,110,4.0,2,1.0,1.0,0.5,0.5,0.5,0.5,0.5
167,sbm,0.45,110,4.33,5,0.8000000000000002,1.0,1.0,1.0,0.8000000000000002,0.6,0.20000000000000004
168,sbm,0.45,110,4.67,1,1.0,1.0,1.0,1.0,1.0,1.0,1.0
169,sbm,0.45,110,7.0,2,1.0,1.0,0.5,1.0,0.5,1.0,0.0
170,sbm,0.45,110,10.0,5,1.0,1.0,1.0,1.0,0.6,0.4000000000000001,0.0
171,sbm,0.6500000000000001,110,1.33,1,0.0,0.0,1.0,0.0,0.0,1.0,1.0
172,sbm,0.6500000000000001,110,1.67,1,1.0,1.0,1.0,1.0,1.0,0.0,0.0
173,sbm,0.6500000000000001,110,4.0,2,1.0,1.0,0.5,0.5,0.5,0.5,0.5
174,sbm,0.6500000000000001,110,4.33,4,1.0,1.0,0.75,1.0,0.75,0.75,0.0
175,sbm,0.6500000000000001,110,4.67,1,1.0,1.0,1.0,1.0,0.0,1.0,0.0
176,sbm,0.6500000000000001,110,7.0,3,1.0,1.0,1.0,0.6666666666666666,0.3333333333333333,0.3333333333333333,1.0
177,sbm,0.6500000000000001,110,7.33,4,0.75,0.5,0.75,0.75,0.5,0.5,0.25
178,sbm,0.8500000000000001,110,1.33,3,0.6666666666666666,0.3333333333333333,0.6666666666666666,0.6666666666666666,0.3333333333333333,0.3333333333333333,0.3333333333333333
179,sbm,0.8500000000000001,110,1.67,3,1.0,1.0,0.3333333333333333,1.0,0.6666666666666666,0.3333333333333333,0.3333333333333333
180,sbm,0.8500000000000001,110,2.0,1,1.0,1.0,1.0,1.0,1.0,0.0,0.0
181,sbm,0.8500000000000001,110,4.0,1,1.0,1.0,1.0,1.0,1.0,0.0,0.0
182,sbm,0.8500000000000001,110,4.33,2,0.5,0.5,0.5,0.5,1.0,0.5,1.0
183,sbm,0.8500000000000001,110,4.67,4,0.75,1.0,1.0,1.0,0.5,0.5,0.0
184,sbm,0.8500000000000001,110,7.0,2,1.0,0.5,0.0,0.5,0.5,1.0,0.0
185,sbm,0.8500000000000001,110,10.0,3,1.0,1.0,0.6666666666666666,1.0,0.6666666666666666,0.3333333333333333,0.3333333333333333
186,sbm,1.05,110,1.33,1,1.0,1.0,1.0,1.0,1.0,1.0,0.0
187,sbm,1.05,110,1.67,1,0.0,1.0,1.0,1.0,0.0,1.0,0.0
188,sbm,1.05,110,2.0,1,1.0,1.0,1.0,1.0,1.0,1.0,0.0
189,sbm,1.05,110,4.0,2,0.0,0.0,0.0,0.5,0.5,0.0,0.5
190,sbm,1.05,110,4.33,2,1.0,1.0,0.5,0.5,0.5,0.5,0.0
191,sbm,1.05,110,7.33,2,1.0,1.0,0.5,0.5,1.0,1.0,0.5
192,sbm,1.2500000000000002,110,1.33,1,0.0,1.0,1.0,1.0,1.0,1.0,1.0
193,sbm,1.2500000000000002,110,1.67,2,1.0,1.0,0.5,0.5,0.0,0.5,0.0
194,sbm,1.2500000000000002,110,4.0,2,1.0,1.0,1.0,1.0,1.0,1.0,0.5
195,sbm,1.2500000000000002,110,4.33,4,1.0,1.0,0.75,1.0,0.75,0.75,1.0
196,sbm,1.2500000000000002,110,7.0,2,1.0,1.0,1.0,1.0,1.0,1.0,0.5
197,sbm,1.4500000000000002,110,1.33,2,1.0,1.0,1.0,1.0,0.5,1.0,0.0
198,sbm,1.4500000000000002,110,1.67,2,1.0,1.0,0.5,1.0,1.0,1.0,1.0
199,sbm,1.4500000000000002,110,4.0,4,1.0,1.0,1.0,1.0,1.0,0.25,1.0
200,sbm,1.4500000000000002,110,4.33,5,1.0,0.8000000000000002,1.0,1.0,0.8000000000000002,0.6,0.8000000000000002
201,sbm,1.4500000000000002,110,7.0,4,1.0,1.0,1.0,1.0,0.75,0.75,0.75
202,sbm,1.4500000000000002,110,7.33,2,1.0,1.0,1.0,1.0,1.0,1.0,1.0
203,sbm,1.6500000000000001,110,1.33,2,1.0,1.0,1.0,1.0,1.0,0.5,0.5
204,sbm,1.6500000000000001,110,1.67,2,1.0,0.5,1.0,0.5,0.5,1.0,0.5
205,sbm,1.6500000000000001,110,2.0,1,1.0,1.0,1.0,1.0,1.0,0.0,1.0
206,sbm,1.6500000000000001,110,4.0,1,1.0,1.0,1.0,1.0,1.0,0.0,1.0
207,sbm,1.6500000000000001,110,4.33,1,1.0,1.0,0.0,1.0,1.0,1.0,1.0
208,sbm,1.6500000000000001,110,7.33,1,1.0,1.0,1.0,1.0,0.0,1.0,1.0
209,sbm,1.85,110,1.0,1,1.0,1.0,0.0,0.0,1.0,0.0,1.0
210,sbm,1.85,110,1.33,1,1.0,0.0,1.0,1.0,0.0,1.0,0.0
211,sbm,1.85,110,1.67,3,1.0,0.6666666666666666,1.0,1.0,1.0,0.6666666666666666,0.3333333333333333
212,sbm,1.85,110,4.0,1,1.0,1.0,1.0,1.0,1.0,1.0,1.0
213,sbm,1.85,110,4.67,1,1.0,1.0,1.0,1.0,1.0,1.0,1.0
214,sbm,1.85,110,7.33,2,1.0,1.0,1.0,1.0,1.0,1.0,1.0
215,sbm,0.05,160,1.0,3,1.0,1.0,1.0,0.6666666666666666,0.6666666666666666,0.3333333333333333,0.6666666666666666
216,sbm,0.05,160,1.33,3,1.0,1.0,1.0,1.0,1.0,0.3333333333333333,0.0
217,sbm,0.05,160,1.67,2,1.0,1.0,1.0,1.0,1.0,0.5,0.0
218,sbm,0.05,160,2.0,1,1.0,1.0,1.0,1.0,1.0,0.0,1.0
219,sbm,0.05,160,4.0,1,1.0,1.0,0.0,1.0,0.0,1.0,0.0
220,sbm,0.05,160,4.33,1,1.0,1.0,1.0,1.0,1.0,1.0,0.0
221,sbm,0.05,160,4.67,8,1.0,1.0,1.0,0.75,1.0,0.875,0.25
222,sbm,0.05,160,7.33,3,1.0,1.0,1.0,1.0,0.6666666666666666,1.0,0.6666666666666666
223,sbm,0.25,160,1.33,3,1.0,1.0,1.0,1.0,0.6666666666666666,0.6666666666666666,0.6666666666666666
224,sbm,0.25,160,1.67,5,1.0,1.0,0.8000000000000002,0.8000000000000002,0.6,0.4000000000000001,0.6
225,sbm,0.25,160,4.0,3,1.0,1.0,1.0,1.0,1.0,1.0,0.6666666666666666
226,sbm,0.25,160,4.33,4,1.0,1.0,0.75,0.25,1.0,0.25,0.5
227,sbm,0.25,160,4.67,3,1.0,1.0,1.0,1.0,1.0,1.0,1.0
228,sbm,0.25,160,7.0,4,1.0,1.0,1.0,1.0,1.0,0.75,0.25
229,sbm,0.45,160,1.33,3,1.0,1.0,1.0,1.0,1.0,0.6666666666666666,0.0
230,sbm,0.45,160,1.67,5,0.8000000000000002,0.6,0.8000000000000002,1.0,0.6,0.6,0.4000000000000001
231,sbm,0.45,160,4.0,2,1.0,1.0,1.0,1.0,1.0,0.5,0.5
232,sbm,0.45,160,4.33,5,0.8000000000000002,0.8000000000000002,1.0,1.0,1.0,0.8000000000000002,0.0
233,sbm,0.45,160,4.67,3,1.0,1.0,1.0,1.0,0.3333333333333333,0.3333333333333333,1.0
234,sbm,0.45,160,7.0,2,1.0,1.0,1.0,1.0,1.0,0.5,0.5
235,sbm,0.45,160,7.33,3,1.0,1.0,0.6666666666666666,1.0,0.6666666666666666,0.3333333333333333,0.6666666666666666
236,sbm,0.6500000000000001,160,1.0,3,1.0,1.0,0.6666666666666666,0.6666666666666666,0.6666666666666666,0.3333333333333333,0.3333333333333333
237,sbm,0.6500000000000001,160,1.33,1,0.0,0.0,0.0,0.0,1.0,0.0,0.0
238,sbm,0.6500000000000001,160,1.67,3,1.0,1.0,1.0,1.0,0.3333333333333333,1.0,0.6666666666666666
239,sbm,0.6500000000000001,160,4.0,2,1.0,1.0,1.0,1.0,1.0,0.0,1.0
240,sbm,0.6500000000000001,160,4.33,6,0.8333333333333334,0.8333333333333334,0.5,0.6666666666666666,0.8333333333333334,0.5,0.5
241,sbm,0.6500000000000001,160,4.67,2,1.0,1.0,1.0,1.0,1.0,1.0,0.0
242,sbm,0.6500000000000001,160,7.0,3,1.0,1.0,1.0,1.0,1.0,1.0,0.3333333333333333
243,sbm,0.6500000000000001,160,7.33,3,1.0,1.0,1.0,1.0,0.6666666666666666,0.3333333333333333,0.0
244,sbm,0.8500000000000001,160,1.33,7,0.5714285714285714,0.5714285714285714,0.7142857142857143,0.8571428571428571,0.42857142857142855,0.2857142857142857,0.2857142857142857
245,sbm,0.8500000000000001,160,1.67,4,1.0,0.75,0.75,0.75,1.0,0.75,0.25
246,sbm,0.8500000000000001,160,4.0,1,1.0,0.0,1.0,1.0,1.0,0.0,0.0
247,sbm,0.8500000000000001,160,4.33,6,0.8333333333333334,0.8333333333333334,0.8333333333333334,0.6666666666666666,0.5,0.5,0.16666666666666666
248,sbm,0.8500000000000001,160,4.67,2,1.0,0.5,1.0,1.0,1.0,1.0,0.0
249,sbm,0.8500000000000001,160,7.0,5,0.8000000000000002,1.0,0.8000000000000002,1.0,1.0,0.4000000000000001,0.20000000000000004
250,sbm,0.8500000000000001,160,7.33,4,1.0,0.75,1.0,1.0,0.75,0.75,0.0
251,sbm,0.8500000000000001,160,10.0,2,1.0,1.0,1.0,1.0,1.0,0.5,0.0
252,sbm,1.05,160,1.33,1,1.0,0.0,0.0,0.0,1.0,1.0,0.0
253,sbm,1.05,160,1.67,2,0.5,0.0,0.5,0.5,0.0,0.5,0.5
254,sbm,1.05,160,4.0,1,1.0,1.0,0.0,1.0,1.0,1.0,0.0
255,sbm,1.05,160,4.33,1,1.0,1.0,1.0,1.0,1.0,0.0,1.0
256,sbm,1.05,160,4.67,2,0.5,0.5,1.0,1.0,1.0,0.5,1.0
257,sbm,1.05,160,7.0,3,1.0,1.0,1.0,1.0,1.0,0.6666666666666666,1.0
258,sbm,1.05,160,7.33,1,1.0,1.0,1.0,0.0,0.0,1.0,0.0
259,sbm,1.2500000000000002,160,1.33,2,1.0,1.0,1.0,1.0,0.0,0.5,0.5
260,sbm,1.2500000000000002,160,1.67,2,0.5,1.0,1.0,1.0,1.0,1.0,0.0
261,sbm,1.2500000000000002,160,2.0,1,1.0,1.0,1.0,1.0,1.0,0.0,0.0
262,sbm,1.2500000000000002,160,4.0,2,0.5,1.0,1.0,1.0,0.5,1.0,1.0
263,sbm,1.2500000000000002,160,4.33,2,1.0,1.0,0.5,0.5,0.5,0.0,0.5
264,sbm,1.2500000000000002,160,4.67,2,1.0,1.0,0.5,1.0,1.0,1.0,1.0
265,sbm,1.4500000000000002,160,1.33,2,1.0,0.5,1.0,0.5,0.5,0.5,1.0
266,sbm,1.4500000000000002,160,1.67,4,1.0,0.75,0.75,0.75,1.0,0.75,0.75
267,sbm,1.4500000000000002,160,4.0,1,1.0,1.0,1.0,1.0,1.0,1.0,1.0
268,sbm,1.4500000000000002,160,4.33,4,1.0,1.0,1.0,1.0,0.75,0.75,1.0
269,sbm,1.4500000000000002,160,4.67,3,1.0,1.0,1.0,1.0,1.0,0.6666666666666666,1.0
270,sbm,1.4500000000000002,160,7.0,5,1.0,1.0,1.0,1.0,0.8000000000000002,0.6,1.0
271,sbm,1.4500000000000002,160,7.33,1,1.0,1.0,1.0,1.0,1.0,1.0,1.0
272,sbm,1.6500000000000001,160,1.0,1,0.0,0.0,0.0,0.0,0.0,1.0,1.0
273,sbm,1.6500000000000001,160,1.33,1,1.0,1.0,1.0,1.0,1.0,1.0,0.0
274,sbm,1.6500000000000001,160,1.67,1,1.0,1.0,1.0,1.0,1.0,1.0,1.0
275,sbm,1.6500000000000001,160,2.0,2,1.0,1.0,1.0,1.0,0.5,0.0,0.5
276,sbm,1.6500000000000001,160,4.0,2,1.0,1.0,1.0,1.0,1.0,0.5,1.0
277,sbm,1.6500000000000001,160,4.33,3,1.0,1.0,1.0,0.6666666666666666,0.3333333333333333,0.3333333333333333,1.0
278,sbm,1.6500000000000001,160,4.67,1,1.0,1.0,1.0,1.0,1.0,1.0,1.0
279,sbm,1.6500000000000001,160,7.0,2,1.0,1.0,1.0,1.0,1.0,1.0,1.0
280,sbm,1.6500000000000001,160,7.33,3,1.0,1.0,1.0,1.0,1.0,0.6666666666666666,1.0
281,sbm,1.6500000000000001,160,10.0,1,1.0,1.0,0.0,1.0,1.0,0.0,1.0
282,sbm,1.85,160,1.33,1,1.0,0.0,1.0,0.0,0.0,1.0,1.0
283,sbm,1.85,160,1.67,1,1.0,1.0,1.0,1.0,1.0,1.0,0.0
284,sbm,1.85,160,4.33,1,1.0,0.0,1.0,1.0,1.0,1.0,0.0
285,sbm,1.85,160,7.0,1,1.0,1.0,1.0,0.0,1.0,0.0,1.0
286,sbm,1.85,160,10.0,2,1.0,1.0,1.0,1.0,1.0,1.0,1.0
287,sbm,0.05,210,1.0,1,1.0,1.0,1.0,0.0,1.0,1.0,1.0
288,sbm,0.05,210,1.33,1,0.0,0.0,0.0,0.0,0.0,0.0,1.0
289,sbm,0.05,210,1.67,2,1.0,1.0,1.0,1.0,0.5,0.5,1.0
290,sbm,0.05,210,4.0,2,1.0,1.0,1.0,1.0,1.0,0.5,0.5
291,sbm,0.05,210,4.33,5,1.0,1.0,1.0,1.0,0.8000000000000002,0.6,0.0
292,sbm,0.05,210,4.67,2,1.0,1.0,1.0,1.0,1.0,1.0,0.0
293,sbm,0.05,210,7.0,1,1.0,1.0,0.0,0.0,1.0,0.0,1.0
294,sbm,0.05,210,7.33,2,1.0,1.0,1.0,1.0,1.0,0.5,1.0
295,sbm,0.25,210,1.33,2,1.0,1.0,1.0,1.0,1.0,0.5,1.0
296,sbm,0.25,210,1.67,1,1.0,1.0,1.0,1.0,1.0,0.0,1.0
297,sbm,0.25,210,4.0,3,0.6666666666666666,0.6666666666666666,1.0,1.0,1.0,0.3333333333333333,0.3333333333333333
298,sbm,0.25,210,4.33,5,0.8000000000000002,0.8000000000000002,1.0,1.0,0.8000000000000002,0.8000000000000002,0.4000000000000001
299,sbm,0.25,210,4.67,3,1.0,1.0,1.0,1.0,1.0,0.3333333333333333,0.6666666666666666
300,sbm,0.25,210,7.0,5,1.0,1.0,1.0,1.0,1.0,0.8000000000000002,0.20000000000000004
301,sbm,0.25,210,7.33,2,1.0,0.5,1.0,1.0,1.0,1.0,0.5
302,sbm,0.45,210,1.0,2,1.0,1.0,1.0,1.0,1.0,0.5,0.5
303,sbm,0.45,210,1.33,2,1.0,1.0,1.0,1.0,0.5,1.0,0.0
304,sbm,0.45,210,1.67,3,1.0,1.0,1.0,0.6666666666666666,1.0,0.6666666666666666,0.6666666666666666
305,sbm,0.45,210,2.0,2,1.0,0.5,1.0,1.0,1.0,0.5,0.5
306,sbm,0.45,210,4.0,1,1.0,1.0,1.0,1.0,0.0,0.0,1.0
307,sbm,0.45,210,4.33,2,1.0,1.0,1.0,1.0,0.5,0.5,0.5
308,sbm,0.45,210,4.67,3,1.0,1.0,1.0,1.0,0.6666666666666666,1.0,0.3333333333333333
309,sbm,0.45,210,7.0,3,0.6666666666666666,1.0,1.0,1.0,1.0,0.6666666666666666,0.6666666666666666
310,sbm,0.45,210,7.33,5,1.0,1.0,1.0,0.8000000000000002,1.0,0.4000000000000001,0.6
311,sbm,0.6500000000000001,210,1.0,1,1.0,1.0,1.0,1.0,1.0,0.0,0.0
312,sbm,0.6500000000000001,210,1.33,1,1.0,1.0,1.0,1.0,1.0,1.0,0.0
313,sbm,0.6500000000000001,210,1.67,1,1.0,1.0,1.0,1.0,1.0,0.0,0.0
314,sbm,0.6500000000000001,210,2.0,1,1.0,1.0,1.0,1.0,1.0,1.0,1.0
315,sbm,0.6500000000000001,210,4.0,4,1.0,1.0,0.75,1.0,1.0,0.25,0.25
316,sbm,0.6500000000000001,210,4.33,2,1.0,1.0,1.0,1.0,1.0,0.5,0.0
317,sbm,0.6500000000000001,210,4.67,2,1.0,1.0,1.0,1.0,1.0,0.0,0.0
318,sbm,0.6500000000000001,210,7.0,1,1.0,1.0,1.0,1.0,1.0,1.0,0.0
319,sbm,0.6500000000000001,210,7.33,3,1.0,1.0,1.0,1.0,1.0,1.0,0.0
320,sbm,0.8500000000000001,210,1.33,1,1.0,1.0,1.0,1.0,1.0,0.0,0.0
321,sbm,0.8500000000000001,210,1.67,5,0.4000000000000001,0.6,0.6,0.6,0.20000000000000004,0.8000000000000002,0.0
322,sbm,0.8500000000000001,210,4.0,1,1.0,1.0,1.0,1.0,1.0,1.0,0.0
323,sbm,0.8500000000000001,210,4.33,7,0.7142857142857143,0.8571428571428571,0.8571428571428571,0.8571428571428571,0.7142857142857143,0.2857142857142857,0.14285714285714285
324,sbm,0.8500000000000001,210,4.67,4,1.0,1.0,0.5,0.75,0.75,0.75,0.0
325,sbm,0.8500000000000001,210,7.33,1,1.0,1.0,0.0,0.0,1.0,0.0,0.0
326,sbm,0.8500000000000001,210,10.0,3,1.0,0.6666666666666666,1.0,1.0,1.0,0.6666666666666666,0.3333333333333333
327,sbm,1.05,210,1.0,1,1.0,1.0,1.0,1.0,0.0,1.0,0.0
328,sbm,1.05,210,1.67,3,1.0,1.0,1.0,1.0,0.6666666666666666,0.3333333333333333,0.0
329,sbm,1.05,210,2.0,1,1.0,1.0,1.0,1.0,0.0,1.0,0.0
330,sbm,1.05,210,4.0,1,1.0,1.0,1.0,1.0,1.0,1.0,1.0
331,sbm,1.05,210,4.33,1,1.0,1.0,1.0,1.0,0.0,1.0,1.0
332,sbm,1.05,210,7.0,1,1.0,1.0,1.0,1.0,1.0,1.0,1.0
333,sbm,1.2500000000000002,210,1.0,1,0.0,0.0,0.0,0.0,0.0,0.0,0.0
334,sbm,1.2500000000000002,210,1.33,1,1.0,0.0,1.0,0.0,1.0,1.0,1.0
335,sbm,1.2500000000000002,210,4.33,1,1.0,1.0,1.0,1.0,1.0,1.0,0.0
336,sbm,1.2500000000000002,210,4.67,3,1.0,1.0,1.0,1.0,0.6666666666666666,0.6666666666666666,1.0
337,sbm,1.2500000000000002,210,7.0,3,1.0,1.0,1.0,1.0,1.0,1.0,0.6666666666666666
338,sbm,1.2500000000000002,210,7.33,1,1.0,1.0,1.0,1.0,1.0,1.0,1.0
339,sbm,1.4500000000000002,210,1.0,1,1.0,1.0,1.0,1.0,1.0,1.0,0.0
340,sbm,1.4500000000000002,210,1.33,1,1.0,1.0,0.0,0.0,1.0,1.0,1.0
341,sbm,1.4500000000000002,210,4.0,1,1.0,1.0,1.0,1.0,1.0,1.0,1.0
342,sbm,1.4500000000000002,210,4.33,3,1.0,1.0,1.0,1.0,1.0,1.0,0.6666666666666666
343,sbm,1.4500000000000002,210,4.67,3,1.0,1.0,0.6666666666666666,0.6666666666666666,1.0,0.3333333333333333,1.0
344,sbm,1.4500000000000002,210,7.0,1,1.0,1.0,1.0,1.0,1.0,1.0,1.0
345,sbm,1.6500000000000001,210,1.33,3,0.6666666666666666,0.6666666666666666,0.6666666666666666,0.6666666666666666,1.0,0.3333333333333333,0.3333333333333333
346,sbm,1.6500000000000001,210,4.0,1,1.0,1.0,0.0,1.0,0.0,0.0,1.0
347,sbm,1.6500000000000001,210,4.33,1,1.0,1.0,1.0,1.0,1.0,1.0,1.0
348,sbm,1.6500000000000001,210,4.67,2,1.0,1.0,1.0,1.0,1.0,1.0,0.5
349,sbm,1.6500000000000001,210,7.0,1,1.0,1.0,1.0,1.0,1.0,0.0,1.0
350,sbm,1.85,210,1.33,2,1.0,1.0,1.0,1.0,0.5,0.5,0.0
351,sbm,1.85,210,1.67,1,0.0,1.0,1.0,1.0,1.0,1.0,0.0
352,sbm,1.85,210,2.0,1,1.0,1.0,1.0,1.0,1.0,1.0,0.0
353,sbm,1.85,210,4.0,2,1.0,1.0,1.0,0.5,0.5,1.0,1.0
354,sbm,1.85,210,4.33,3,1.0,1.0,1.0,1.0,0.6666666666666666,0.6666666666666666,1.0
355,sbm,1.85,210,4.67,2,1.0,1.0,1.0,1.0,0.5,0.5,1.0
356,sbm,1.85,210,7.33,1,1.0,1.0,1.0,1.0,1.0,1.0,1.0
357,sbm,0.05,260,1.33,2,0.5,1.0,1.0,0.5,0.5,0.5,0.5
358,sbm,0.05,260,1.67,5,0.8000000000000002,0.6,0.6,0.4000000000000001,0.6,0.20000000000000004,0.20000000000000004
359,sbm,0.05,260,4.33,4,1.0,1.0,0.75,0.5,1.0,0.75,0.5
360,sbm,0.05,260,4.67,1,1.0,1.0,1.0,1.0,1.0,0.0,0.0
361,sbm,0.05,260,7.0,2,1.0,1.0,1.0,0.0,0.5,0.0,0.0
362,sbm,0.05,260,7.33,1,1.0,1.0,1.0,1.0,1.0,0.0,1.0
363,sbm,0.05,260,10.0,1,1.0,1.0,1.0,1.0,1.0,1.0,0.0
364,sbm,0.25,260,1.0,1,1.0,1.0,1.0,1.0,0.0,1.0,1.0
365,sbm,0.25,260,1.67,1,1.0,1.0,1.0,1.0,1.0,1.0,0.0
366,sbm,0.25,260,2.0,1,1.0,1.0,1.0,1.0,1.0,1.0,1.0
367,sbm,0.25,260,4.0,4,1.0,1.0,1.0,1.0,0.75,0.25,0.25
368,sbm,0.25,260,4.33,3,0.6666666666666666,0.6666666666666666,0.6666666666666666,0.6666666666666666,0.6666666666666666,0.6666666666666666,0.3333333333333333
369,sbm,0.25,260,4.67,1,1.0,1.0,1.0,0.0,1.0,1.0,1.0
370,sbm,0.25,260,7.0,3,1.0,1.0,1.0,1.0,1.0,0.6666666666666666,0.6666666666666666
371,sbm,0.25,260,7.33,1,1.0,1.0,1.0,1.0,1.0,1.0,0.0
372,sbm,0.25,260,10.0,1,1.0,1.0,1.0,1.0,1.0,1.0,0.0
373,sbm,0.45,260,1.33,2,1.0,1.0,1.0,1.0,1.0,0.5,0.5
374,sbm,0.45,260,1.67,2,1.0,1.0,1.0,1.0,0.5,0.5,0.0
375,sbm,0.45,260,2.0,2,1.0,1.0,1.0,1.0,0.0,0.0,0.5
376,sbm,0.45,260,4.0,4,1.0,1.0,0.75,0.75,1.0,0.25,0.75
377,sbm,0.45,260,4.33,4,0.75,1.0,1.0,1.0,1.0,0.5,0.25
378,sbm,0.45,260,4.67,1,1.0,1.0,1.0,1.0,1.0,1.0,0.0
379,sbm,0.45,260,7.0,1,0.0,0.0,0.0,0.0,0.0,0.0,0.0
380,sbm,0.45,260,7.33,1,1.0,1.0,1.0,1.0,1.0,0.0,1.0
381,sbm,0.6500000000000001,260,1.33,1,1.0,1.0,1.0,1.0,0.0,0.0,0.0
382,sbm,0.6500000000000001,260,1.67,2,1.0,1.0,1.0,1.0,0.0,0.0,0.5
383,sbm,0.6500000000000001,260,4.0,2,1.0,1.0,1.0,1.0,0.5,1.0,0.5
384,sbm,0.6500000000000001,260,4.33,4,1.0,1.0,1.0,1.0,1.0,0.5,0.5
385,sbm,0.6500000000000001,260,4.67,4,1.0,1.0,1.0,1.0,0.25,0.75,0.75
386,sbm,0.6500000000000001,260,7.0,1,1.0,1.0,1.0,1.0,1.0,0.0,0.0
387,sbm,0.6500000000000001,260,7.33,5,0.8000000000000002,0.6,1.0,0.6,0.6,0.20000000000000004,0.8000000000000002
388,sbm,0.8500000000000001,260,1.0,5,0.6,0.4000000000000001,0.8000000000000002,0.8000000000000002,0.6,0.4000000000000001,0.20000000000000004
389,sbm,0.8500000000000001,260,1.33,2,0.5,0.5,0.5,0.5,1.0,1.0,0.0
390,sbm,0.8500000000000001,260,1.67,2,1.0,1.0,1.0,1.0,1.0,0.5,0.0
391,sbm,0.8500000000000001,260,4.0,3,0.6666666666666666,1.0,1.0,0.6666666666666666,1.0,0.6666666666666666,0.6666666666666666
392,sbm,0.8500000000000001,260,4.33,9,0.6666666666666666,0.7777777777777778,0.7777777777777778,0.8888888888888888,0.7777777777777778,0.5555555555555556,0.1111111111111111
393,sbm,0.8500000000000001,260,4.67,1,1.0,1.0,1.0,1.0,1.0,0.0,0.0
394,sbm,0.8500000000000001,260,7.0,1,1.0,1.0,0.0,1.0,0.0,0.0,1.0
395,sbm,0.8500000000000001,260,7.33,4,1.0,1.0,0.75,1.0,0.75,0.75,0.0
396,sbm,0.8500000000000001,260,10.0,1,1.0,1.0,1.0,1.0,1.0,1.0,0.0
397,sbm,1.05,260,1.0,1,0.0,1.0,1.0,0.0,1.0,1.0,1.0
398,sbm,1.05,260,1.33,2,0.5,0.5,0.5,0.5,1.0,0.0,0.0
399,sbm,1.05,260,1.67,3,1.0,1.0,1.0,1.0,1.0,0.0,0.3333333333333333
400,sbm,1.05,260,4.0,2,1.0,1.0,0.5,0.5,0.5,0.0,0.5
401,sbm,1.05,260,4.33,3,0.6666666666666666,0.6666666666666666,0.6666666666666666,0.6666666666666666,1.0,1.0,0.3333333333333333
402,sbm,1.05,260,4.67,1,1.0,1.0,1.0,1.0,1.0,0.0,1.0
403,sbm,1.05,260,7.33,3,1.0,1.0,1.0,1.0,1.0,1.0,1.0
404,sbm,1.2500000000000002,260,1.33,2,0.5,0.0,0.0,0.5,0.0,0.0,0.5
405,sbm,1.2500000000000002,260,4.0,1,1.0,1.0,1.0,1.0,1.0,1.0,1.0
406,sbm,1.2500000000000002,260,4.33,6,1.0,1.0,1.0,1.0,0.8333333333333334,0.6666666666666666,1.0
407,sbm,1.2500000000000002,260,7.0,2,0.5,1.0,1.0,0.5,0.5,0.0,1.0
408,sbm,1.2500000000000002,260,7.33,2,1.0,1.0,1.0,1.0,1.0,1.0,1.0
409,sbm,1.2500000000000002,260,10.0,2,1.0,1.0,1.0,1.0,1.0,0.5,1.0
410,sbm,1.4500000000000002,260,1.0,1,1.0,1.0,1.0,1.0,1.0,1.0,0.0
411,sbm,1.4500000000000002,260,1.33,2,1.0,1.0,1.0,1.0,1.0,0.5,0.0
412,sbm,1.4500000000000002,260,2.0,1,1.0,1.0,1.0,1.0,1.0,1.0,0.0
413,sbm,1.4500000000000002,260,4.0,2,1.0,1.0,1.0,1.0,1.0,0.0,1.0
414,sbm,1.4500000000000002,260,4.33,1,1.0,1.0,1.0,1.0,0.0,1.0,1.0
415,sbm,1.4500000000000002,260,4.67,5,1.0,1.0,1.0,1.0,1.0,1.0,1.0
416,sbm,1.6500000000000001,260,1.0,1,1.0,1.0,1.0,1.0,1.0,0.0,0.0
417,sbm,1.6500000000000001,260,1.67,1,1.0,1.0,1.0,0.0,0.0,0.0,1.0
418,sbm,1.6500000000000001,260,4.0,1,1.0,1.0,1.0,1.0,0.0,1.0,1.0
419,sbm,1.6500000000000001,260,4.33,4,1.0,1.0,1.0,1.0,0.5,0.75,1.0
420,sbm,1.6500000000000001,260,4.67,3,1.0,1.0,1.0,1.0,0.6666666666666666,0.3333333333333333,1.0
421,sbm,1.6500000000000001,260,7.33,1,1.0,1.0,1.0,1.0,1.0,1.0,1.0
422,sbm,1.85,260,1.33,3,1.0,0.6666666666666666,1.0,0.6666666666666666,0.6666666666666666,1.0,0.3333333333333333
423,sbm,1.85,260,1.67,2,1.0,1.0,1.0,0.5,1.0,1.0,0.5
424,sbm,1.85,260,2.0,1,1.0,1.0,1.0,1.0,1.0,1.0,0.0
425,sbm,1.85,260,4.0,4,1.0,1.0,1.0,1.0,0.75,0.25,1.0
426,sbm,1.85,260,4.33,2,1.0,1.0,1.0,1.0,1.0,1.0,1.0
427,sbm,1.85,260,4.67,2,1.0,1.0,1.0,1.0,1.0,1.0,1.0
428,sbm,1.85,260,7.33,1,1.0,1.0,1.0,1.0,1.0,1.0,1.0
429,sbm,0.05,310,1.33,5,1.0,1.0,1.0,1.0,0.8000000000000002,0.6,0.6
430,sbm,0.05,310,1.67,3,1.0,1.0,0.0,0.6666666666666666,0.6666666666666666,0.3333333333333333,0.3333333333333333
431,sbm,0.05,310,2.0,1,1.0,1.0,0.0,1.0,1.0,1.0,1.0
432,sbm,0.05,310,4.0,1,1.0,1.0,1.0,1.0,1.0,1.0,1.0
433,sbm,0.05,310,4.33,2,1.0,1.0,1.0,1.0,1.0,0.5,0.5
434,sbm,0.05,310,4.67,2,1.0,1.0,1.0,1.0,1.0,0.5,0.0
435,sbm,0.05,310,7.0,4,1.0,0.75,1.0,1.0,1.0,0.5,0.0
436,sbm,0.05,310,7.33,2,1.0,1.0,1.0,1.0,1.0,1.0,0.0
437,sbm,0.05,310,10.0,4,1.0,1.0,0.5,0.75,1.0,0.25,0.25
438,sbm,0.25,310,1.0,2,1.0,1.0,1.0,1.0,1.0,1.0,0.0
439,sbm,0.25,310,1.33,3,1.0,1.0,1.0,0.3333333333333333,1.0,1.0,1.0
440,sbm,0.25,310,4.0,2,1.0,1.0,1.0,1.0,1.0,0.5,0.5
441,sbm,0.25,310,4.33,7,1.0,1.0,0.7142857142857143,0.8571428571428571,0.8571428571428571,0.5714285714285714,0.5714285714285714
442,sbm,0.25,310,4.67,1,1.0,1.0,1.0,1.0,1.0,1.0,1.0
443,sbm,0.25,310,7.0,1,1.0,1.0,1.0,1.0,1.0,1.0,0.0
444,sbm,0.25,310,7.33,3,1.0,1.0,1.0,1.0,1.0,0.6666666666666666,0.3333333333333333
445,sbm,0.25,310,10.0,1,1.0,1.0,1.0,1.0,1.0,1.0,0.0
446,sbm,0.45,310,1.33,3,1.0,1.0,1.0,1.0,1.0,0.6666666666666666,0.6666666666666666
447,sbm,0.45,310,1.67,1,1.0,1.0,1.0,1.0,1.0,1.0,1.0
448,sbm,0.45,310,2.0,1,1.0,1.0,1.0,1.0,1.0,1.0,0.0
449,sbm,0.45,310,4.0,1,1.0,1.0,1.0,1.0,1.0,0.0,0.0
450,sbm,0.45,310,4.33,6,1.0,1.0,1.0,1.0,1.0,0.5,0.5
451,sbm,0.45,310,7.0,2,1.0,1.0,1.0,1.0,1.0,0.5,0.5
452,sbm,0.45,310,7.33,4,0.75,1.0,1.0,1.0,1.0,0.75,0.0
453,sbm,0.45,310,10.0,2,1.0,1.0,1.0,1.0,1.0,1.0,1.0
454,sbm,0.6500000000000001,310,1.0,1,0.0,1.0,1.0,1.0,0.0,0.0,1.0
455,sbm,0.6500000000000001,310,1.33,1,1.0,1.0,1.0,0.0,1.0,1.0,1.0
456,sbm,0.6500000000000001,310,1.67,1,0.0,1.0,1.0,1.0,1.0,1.0,0.0
457,sbm,0.6500000000000001,310,2.0,2,1.0,1.0,1.0,1.0,1.0,0.5,0.5
458,sbm,0.6500000000000001,310,4.0,1,1.0,1.0,1.0,0.0,1.0,1.0,1.0
459,sbm,0.6500000000000001,310,4.33,2,1.0,1.0,0.5,1.0,0.5,0.0,0.5
460,sbm,0.6500000000000001,310,4.67,5,1.0,1.0,0.8000000000000002,1.0,1.0,0.8000000000000002,0.20000000000000004
461,sbm,0.6500000000000001,310,7.33,5,1.0,0.8000000000000002,1.0,1.0,1.0,0.6,0.20000000000000004
462,sbm,0.8500000000000001,310,1.0,1,0.0,0.0,0.0,0.0,0.0,1.0,1.0
463,sbm,0.8500000000000001,310,1.33,1,1.0,1.0,1.0,1.0,0.0,0.0,0.0
464,sbm,0.8500000000000001,310,4.33,7,1.0,1.0,1.0,1.0,0.8571428571428571,0.42857142857142855,0.14285714285714285
465,sbm,0.8500000000000001,310,4.67,2,1.0,1.0,1.0,1.0,1.0,1.0,0.0
466,sbm,0.8500000000000001,310,7.0,4,0.75,0.75,0.75,0.75,0.75,0.5,0.5
467,sbm,0.8500000000000001,310,7.33,2,1.0,1.0,1.0,1.0,1.0,1.0,0.0
468,sbm,1.05,310,1.0,1,1.0,1.0,0.0,0.0,1.0,0.0,0.0
469,sbm,1.05,310,1.33,2,0.5,0.5,1.0,0.5,0.5,0.5,0.0
470,sbm,1.05,310,1.67,2,0.5,1.0,1.0,0.5,0.5,0.5,1.0
471,sbm,1.05,310,4.0,1,0.0,0.0,0.0,0.0,0.0,0.0,1.0
472,sbm,1.05,310,4.33,6,0.8333333333333334,1.0,1.0,0.6666666666666666,0.8333333333333334,0.3333333333333333,0.8333333333333334
473,sbm,1.05,310,4.67,3,0.6666666666666666,0.6666666666666666,0.3333333333333333,1.0,1.0,0.3333333333333333,0.6666666666666666
474,sbm,1.05,310,10.0,2,1.0,1.0,1.0,1.0,0.5,1.0,1.0
475,sbm,1.2500000000000002,310,1.0,1,0.0,1.0,0.0,1.0,1.0,1.0,0.0
476,sbm,1.2500000000000002,310,1.33,1,0.0,0.0,0.0,0.0,0.0,0.0,0.0
477,sbm,1.2500000000000002,310,1.67,3,1.0,1.0,1.0,1.0,0.6666666666666666,0.6666666666666666,0.3333333333333333
478,sbm,1.2500000000000002,310,2.0,1,1.0,1.0,1.0,0.0,1.0,1.0,1.0
479,sbm,1.2500000000000002,310,4.0,2,1.0,1.0,1.0,1.0,1.0,0.5,0.5
480,sbm,1.2500000000000002,310,4.33,2,1.0,1.0,1.0,1.0,0.5,1.0,1.0
481,sbm,1.2500000000000002,310,4.67,2,1.0,1.0,1.0,1.0,1.0,0.5,1.0
482,sbm,1.2500000000000002,310,7.0,2,1.0,1.0,1.0,1.0,0.5,1.0,1.0
483,sbm,1.2500000000000002,310,7.33,1,1.0,1.0,1.0,1.0,1.0,0.0,1.0
484,sbm,1.2500000000000002,310,10.0,1,1.0,1.0,1.0,1.0,1.0,1.0,1.0
485,sbm,1.4500000000000002,310,1.33,1,1.0,1.0,1.0,1.0,1.0,0.0,0.0
486,sbm,1.4500000000000002,310,1.67,2,1.0,1.0,1.0,0.5,1.0,1.0,0.0
487,sbm,1.4500000000000002,310,4.0,4,1.0,1.0,1.0,1.0,0.75,0.5,1.0
488,sbm,1.4500000000000002,310,4.33,3,1.0,1.0,1.0,1.0,1.0,0.3333333333333333,1.0
489,sbm,1.4500000000000002,310,4.67,2,1.0,1.0,1.0,1.0,1.0,1.0,1.0
490,sbm,1.4500000000000002,310,7.0,3,1.0,1.0,1.0,1.0,0.6666666666666666,0.6666666666666666,1.0
491,sbm,1.4500000000000002,310,7.33,3,1.0,1.0,1.0,1.0,1.0,1.0,1.0
492,sbm,1.6500000000000001,310,1.0,1,1.0,1.0,1.0,1.0,1.0,0.0,0.0
493,sbm,1.6500000000000001,310,1.33,2,1.0,1.0,1.0,1.0,0.5,1.0,0.5
494,sbm,1.6500000000000001,310,1.67,2,1.0,1.0,0.5,1.0,1.0,0.0,1.0
495,sbm,1.6500000000000001,310,4.0,2,1.0,1.0,1.0,1.0,1.0,1.0,1.0
496,sbm,1.6500000000000001,310,4.33,3,1.0,1.0,1.0,1.0,0.6666666666666666,0.6666666666666666,1.0
497,sbm,1.6500000000000001,310,7.0,1,1.0,1.0,1.0,1.0,1.0,1.0,1.0
498,sbm,1.6500000000000001,310,7.33,1,1.0,1.0,1.0,1.0,1.0,1.0,1.0
499,sbm,1.6500000000000001,310,10.0,2,1.0,1.0,1.0,1.0,1.0,1.0,1.0
500,sbm,1.85,310,1.0,2,1.0,1.0,1.0,0.5,1.0,1.0,0.5
501,sbm,1.85,310,1.33,2,1.0,1.0,1.0,1.0,0.5,1.0,0.5
502,sbm,1.85,310,1.67,6,1.0,1.0,1.0,1.0,1.0,0.8333333333333334,0.16666666666666666
503,sbm,1.85,310,4.33,6,1.0,1.0,1.0,1.0,1.0,0.8333333333333334,1.0
504,sbm,1.85,310,4.67,3,1.0,1.0,1.0,1.0,1.0,1.0,1.0
505,sbm,1.85,310,7.0,1,1.0,1.0,1.0,1.0,1.0,1.0,1.0
506,sbm,1.85,310,7.33,2,1.0,1.0,1.0,1.0,1.0,1.0,1.0
507,sbm,0.05,360,1.33,1,0.0,0.0,0.0,0.0,0.0,0.0,0.0
508,sbm,0.05,360,1.67,3,1.0,1.0,0.3333333333333333,0.0,1.0,0.3333333333333333,0.3333333333333333
509,sbm,0.05,360,4.0,2,1.0,1.0,1.0,1.0,0.5,0.5,0.5
510,sbm,0.05,360,4.33,4,0.75,0.75,0.5,1.0,0.75,0.25,0.0
511,sbm,0.05,360,4.67,3,1.0,1.0,0.6666666666666666,0.6666666666666666,1.0,1.0,1.0
512,sbm,0.05,360,7.0,3,1.0,1.0,1.0,0.6666666666666666,1.0,0.6666666666666666,0.0
513,sbm,0.05,360,7.33,1,1.0,1.0,0.0,0.0,1.0,1.0,1.0
514,sbm,0.25,360,1.33,3,1.0,1.0,1.0,1.0,0.6666666666666666,0.6666666666666666,0.6666666666666666
515,sbm,0.25,360,1.67,1,1.0,1.0,1.0,1.0,1.0,1.0,1.0
516,sbm,0.25,360,4.0,4,1.0,0.75,1.0,1.0,1.0,0.5,0.5
517,sbm,0.25,360,4.33,5,1.0,1.0,1.0,1.0,0.8000000000000002,0.6,0.4000000000000001
518,sbm,0.25,360,4.67,1,1.0,1.0,1.0,1.0,1.0,1.0,1.0
519,sbm,0.25,360,7.0,2,1.0,1.0,1.0,1.0,1.0,1.0,0.5
520,sbm,0.25,360,7.33,2,1.0,1.0,1.0,1.0,1.0,1.0,1.0
521,sbm,0.25,360,10.0,1,1.0,1.0,1.0,1.0,1.0,0.0,0.0
522,sbm,0.45,360,1.33,1,1.0,1.0,1.0,1.0,1.0,1.0,1.0
523,sbm,0.45,360,1.67,2,1.0,1.0,1.0,1.0,1.0,0.0,0.5
524,sbm,0.45,360,4.33,3,1.0,1.0,1.0,1.0,1.0,1.0,0.0
525,sbm,0.45,360,4.67,3,1.0,1.0,1.0,1.0,1.0,0.3333333333333333,0.6666666666666666
526,sbm,0.45,360,7.0,1,1.0,1.0,1.0,1.0,1.0,1.0,0.0
527,sbm,0.45,360,7.33,2,1.0,0.5,0.5,0.5,1.0,0.0,0.0
528,sbm,0.6500000000000001,360,1.33,5,1.0,1.0,1.0,1.0,1.0,0.4000000000000001,0.20000000000000004
529,sbm,0.6500000000000001,360,4.0,2,1.0,1.0,1.0,1.0,1.0,0.5,1.0
530,sbm,0.6500000000000001,360,4.33,8,1.0,1.0,1.0,1.0,1.0,0.625,0.375
531,sbm,0.6500000000000001,360,4.67,1,1.0,0.0,0.0,0.0,0.0,0.0,0.0
532,sbm,0.6500000000000001,360,7.33,3,1.0,1.0,1.0,1.0,1.0,1.0,0.3333333333333333
533,sbm,0.6500000000000001,360,10.0,1,1.0,1.0,1.0,1.0,1.0,1.0,0.0
534,sbm,0.8500000000000001,360,1.0,1,1.0,1.0,1.0,1.0,0.0,0.0,1.0
535,sbm,0.8500000000000001,360,1.33,4,1.0,1.0,1.0,1.0,0.75,0.0,0.0
536,sbm,0.8500000000000001,360,1.67,2,1.0,1.0,1.0,1.0,1.0,1.0,0.0
537,sbm,0.8500000000000001,360,4.0,3,0.6666666666666666,0.6666666666666666,0.3333333333333333,0.6666666666666666,0.3333333333333333,0.0,0.0
538,sbm,0.8500000000000001,360,4.33,5,1.0,1.0,0.6,0.8000000000000002,0.6,0.8000000000000002,0.20000000000000004
539,sbm,0.8500000000000001,360,4.67,3,0.6666666666666666,0.6666666666666666,1.0,0.6666666666666666,0.6666666666666666,1.0,0.3333333333333333
540,sbm,0.8500000000000001,360,7.0,2,1.0,1.0,1.0,1.0,1.0,0.5,0.5
541,sbm,0.8500000000000001,360,7.33,3,1.0,0.6666666666666666,0.6666666666666666,0.6666666666666666,1.0,1.0,0.0
542,sbm,1.05,360,1.33,2,1.0,1.0,1.0,1.0,1.0,0.5,0.0
543,sbm,1.05,360,1.67,1,0.0,1.0,0.0,0.0,0.0,0.0,0.0
544,sbm,1.05,360,2.0,1,1.0,1.0,0.0,1.0,1.0,1.0,1.0
545,sbm,1.05,360,4.0,1,1.0,1.0,1.0,1.0,0.0,1.0,0.0
546,sbm,1.05,360,4.33,2,1.0,1.0,1.0,1.0,1.0,1.0,1.0
547,sbm,1.05,360,4.67,2,1.0,1.0,0.5,0.5,1.0,0.5,0.0
548,sbm,1.05,360,7.0,1,1.0,1.0,1.0,1.0,1.0,1.0,1.0
549,sbm,1.05,360,7.33,3,1.0,1.0,0.6666666666666666,1.0,0.6666666666666666,1.0,1.0
550,sbm,1.2500000000000002,360,1.0,1,1.0,1.0,1.0,1.0,1.0,1.0,0.0
551,sbm,1.2500000000000002,360,1.33,1,1.0,1.0,1.0,1.0,1.0,0.0,0.0
552,sbm,1.2500000000000002,360,1.67,3,1.0,1.0,1.0,1.0,1.0,1.0,0.3333333333333333
553,sbm,1.2500000000000002,360,4.0,3,1.0,1.0,1.0,0.6666666666666666,1.0,0.6666666666666666,1.0
554,sbm,1.2500000000000002,360,4.33,3,1.0,1.0,1.0,1.0,1.0,0.3333333333333333,1.0
555,sbm,1.2500000000000002,360,4.67,2,1.0,1.0,0.5,1.0,0.5,0.0,1.0
556,sbm,1.2500000000000002,360,7.0,2,1.0,1.0,1.0,1.0,1.0,1.0,1.0
557,sbm,1.2500000000000002,360,7.33,3,1.0,1.0,0.6666666666666666,1.0,1.0,1.0,1.0
558,sbm,1.2500000000000002,360,10.0,2,1.0,1.0,1.0,1.0,1.0,0.5,1.0
559,sbm,1.4500000000000002,360,1.0,3,1.0,0.6666666666666666,1.0,0.3333333333333333,0.6666666666666666,0.6666666666666666,0.0
560,sbm,1.4500000000000002,360,1.67,2,1.0,1.0,1.0,1.0,1.0,0.5,1.0
561,sbm,1.4500000000000002,360,2.0,2,1.0,1.0,1.0,1.0,1.0,1.0,0.0
562,sbm,1.4500000000000002,360,4.0,2,1.0,1.0,1.0,1.0,0.5,1.0,0.0
563,sbm,1.4500000000000002,360,4.33,1,1.0,1.0,1.0,1.0,1.0,0.0,1.0
564,sbm,1.4500000000000002,360,4.67,3,1.0,1.0,1.0,1.0,1.0,0.6666666666666666,1.0
565,sbm,1.4500000000000002,360,7.0,1,1.0,1.0,1.0,1.0,1.0,0.0,1.0
566,sbm,1.4500000000000002,360,7.33,2,1.0,1.0,1.0,1.0,0.5,0.5,1.0
567,sbm,1.4500000000000002,360,10.0,1,1.0,1.0,1.0,1.0,1.0,0.0,1.0
568,sbm,1.6500000000000001,360,1.33,2,1.0,1.0,1.0,1.0,1.0,0.5,0.0
569,sbm,1.6500000000000001,360,4.33,2,1.0,1.0,0.5,0.5,1.0,1.0,1.0
570,sbm,1.6500000000000001,360,10.0,1,1.0,1.0,1.0,1.0,1.0,1.0,1.0
571,sbm,1.85,360,1.0,1,1.0,1.0,1.0,1.0,1.0,0.0,0.0
572,sbm,1.85,360,1.33,1,1.0,1.0,1.0,1.0,1.0,1.0,0.0
573,sbm,1.85,360,4.33,1,1.0,1.0,1.0,1.0,1.0,0.0,1.0
574,sbm,1.85,360,4.67,2,1.0,1.0,1.0,1.0,1.0,0.5,1.0
575,sbm,1.85,360,7.0,2,1.0,1.0,1.0,1.0,1.0,0.5,1.0
576,sbm,1.85,360,7.33,4,1.0,1.0,1.0,1.0,1.0,0.75,1.0
577,sbm,1.85,360,10.0,2,1.0,1.0,1.0,1.0,1.0,1.0,1.0
578,sbm,0.05,410,1.33,2,1.0,1.0,0.5,0.5,0.5,0.5,0.0
579,sbm,0.05,410,1.67,2,0.5,1.0,1.0,0.5,0.5,0.5,1.0
580,sbm,0.05,410,2.0,1,1.0,1.0,1.0,1.0,1.0,1.0,0.0
581,sbm,0.05,410,4.0,2,1.0,1.0,1.0,1.0,1.0,0.0,1.0
582,sbm,0.05,410,4.33,7,1.0,0.8571428571428571,0.8571428571428571,0.8571428571428571,1.0,0.5714285714285714,0.5714285714285714
583,sbm,0.05,410,4.67,1,1.0,1.0,1.0,1.0,1.0,0.0,1.0
584,sbm,0.05,410,7.0,3,1.0,1.0,1.0,0.6666666666666666,1.0,1.0,0.3333333333333333
585,sbm,0.05,410,7.33,3,1.0,1.0,1.0,0.6666666666666666,1.0,1.0,0.3333333333333333
586,sbm,0.05,410,10.0,1,1.0,1.0,1.0,0.0,1.0,0.0,0.0
587,sbm,0.25,410,1.0,1,1.0,1.0,1.0,1.0,1.0,1.0,1.0
588,sbm,0.25,410,1.33,4,1.0,1.0,1.0,0.5,1.0,0.75,0.5
589,sbm,0.25,410,4.0,1,1.0,1.0,1.0,1.0,1.0,1.0,1.0
590,sbm,0.25,410,4.33,10,1.0,1.0,1.0,0.9,0.9,0.7,0.7
591,sbm,0.25,410,4.67,2,1.0,1.0,1.0,1.0,1.0,0.5,1.0
592,sbm,0.25,410,7.0,4,1.0,1.0,1.0,1.0,0.75,0.5,0.0
593,sbm,0.25,410,7.33,2,1.0,1.0,0.5,1.0,1.0,1.0,1.0
594,sbm,0.45,410,1.33,4,1.0,1.0,1.0,1.0,1.0,0.5,0.5
595,sbm,0.45,410,1.67,1,1.0,1.0,1.0,1.0,1.0,1.0,0.0
596,sbm,0.45,410,2.0,2,1.0,1.0,1.0,1.0,0.5,0.5,0.5
597,sbm,0.45,410,4.0,1,1.0,1.0,1.0,1.0,1.0,0.0,0.0
598,sbm,0.45,410,4.33,4,0.75,1.0,1.0,1.0,1.0,0.25,0.0
599,sbm,0.45,410,4.67,1,1.0,1.0,1.0,1.0,1.0,1.0,0.0
600,sbm,0.45,410,7.0,1,1.0,1.0,1.0,1.0,1.0,0.0,1.0
601,sbm,0.45,410,7.33,3,1.0,1.0,1.0,1.0,1.0,0.3333333333333333,0.3333333333333333
602,sbm,0.6500000000000001,410,1.33,1,1.0,1.0,1.0,1.0,0.0,0.0,0.0
603,sbm,0.6500000000000001,410,1.67,5,1.0,1.0,0.8000000000000002,1.0,0.8000000000000002,0.0,0.6
604,sbm,0.6500000000000001,410,2.0,1,1.0,1.0,1.0,1.0,0.0,0.0,1.0
605,sbm,0.6500000000000001,410,4.0,5,0.8000000000000002,1.0,1.0,0.6,0.4000000000000001,0.4000000000000001,0.6
606,sbm,0.6500000000000001,410,4.33,4,1.0,1.0,1.0,1.0,0.5,0.75,0.5
607,sbm,0.6500000000000001,410,4.67,1,1.0,1.0,1.0,1.0,1.0,1.0,0.0
608,sbm,0.6500000000000001,410,7.0,1,1.0,1.0,1.0,1.0,1.0,1.0,0.0
609,sbm,0.6500000000000001,410,7.33,2,1.0,1.0,1.0,1.0,1.0,0.0,0.0
610,sbm,0.6500000000000001,410,10.0,1,1.0,1.0,1.0,1.0,1.0,1.0,0.0
611,sbm,0.8500000000000001,410,1.0,1,1.0,1.0,1.0,1.0,1.0,1.0,0.0
612,sbm,0.8500000000000001,410,1.33,1,1.0,0.0,1.0,1.0,0.0,0.0,0.0
613,sbm,0.8500000000000001,410,1.67,1,1.0,1.0,1.0,1.0,1.0,0.0,0.0
614,sbm,0.8500000000000001,410,4.0,5,1.0,0.8000000000000002,0.8000000000000002,0.8000000000000002,0.8000000000000002,0.20000000000000004,0.0
615,sbm,0.8500000000000001,410,4.33,2,1.0,1.0,1.0,1.0,1.0,0.5,0.0
616,sbm,0.8500000000000001,410,4.67,2,1.0,1.0,1.0,1.0,1.0,1.0,0.0
617,sbm,0.8500000000000001,410,7.0,1,1.0,1.0,1.0,1.0,1.0,0.0,0.0
618,sbm,0.8500000000000001,410,7.33,3,1.0,1.0,1.0,1.0,0.6666666666666666,0.6666666666666666,1.0
619,sbm,0.8500000000000001,410,10.0,1,1.0,1.0,1.0,1.0,1.0,0.0,0.0
620,sbm,1.05,410,1.0,1,1.0,1.0,0.0,1.0,0.0,0.0,1.0
621,sbm,1.05,410,1.33,3,0.3333333333333333,0.6666666666666666,0.3333333333333333,0.3333333333333333,0.3333333333333333,0.6666666666666666,0.0
622,sbm,1.05,410,1.67,4,0.5,0.75,1.0,1.0,1.0,0.25,0.25
623,sbm,1.05,410,4.67,2,1.0,0.5,0.5,1.0,1.0,1.0,1.0
624,sbm,1.05,410,7.0,3,1.0,1.0,1.0,1.0,1.0,0.6666666666666666,0.6666666666666666
625,sbm,1.05,410,7.33,1,0.0,0.0,1.0,0.0,0.0,1.0,0.0
626,sbm,1.05,410,10.0,1,1.0,1.0,1.0,1.0,0.0,0.0,1.0
627,sbm,1.2500000000000002,410,1.67,1,1.0,1.0,1.0,1.0,1.0,1.0,0.0
628,sbm,1.2500000000000002,410,4.33,1,1.0,1.0,1.0,1.0,1.0,0.0,1.0
629,sbm,1.2500000000000002,410,4.67,1,1.0,1.0,1.0,1.0,1.0,1.0,1.0
630,sbm,1.2500000000000002,410,7.0,1,1.0,1.0,1.0,1.0,1.0,1.0,1.0
631,sbm,1.2500000000000002,410,10.0,1,1.0,1.0,0.0,1.0,1.0,0.0,1.0
632,sbm,1.4500000000000002,410,1.33,4,1.0,1.0,0.75,1.0,1.0,0.5,0.5
633,sbm,1.4500000000000002,410,1.67,2,1.0,1.0,1.0,1.0,1.0,1.0,0.0
634,sbm,1.4500000000000002,410,4.0,1,1.0,1.0,1.0,1.0,0.0,0.0,1.0
635,sbm,1.4500000000000002,410,4.33,5,1.0,1.0,1.0,1.0,0.8000000000000002,0.6,0.8000000000000002
636,sbm,1.4500000000000002,410,4.67,4,1.0,1.0,1.0,1.0,1.0,1.0,1.0
637,sbm,1.4500000000000002,410,7.0,1,1.0,1.0,1.0,1.0,0.0,0.0,1.0
638,sbm,1.4500000000000002,410,7.33,2,1.0,1.0,1.0,1.0,1.0,1.0,1.0
639,sbm,1.4500000000000002,410,10.0,2,1.0,1.0,1.0,1.0,1.0,0.5,1.0
640,sbm,1.6500000000000001,410,1.33,1,1.0,1.0,1.0,1.0,1.0,1.0,0.0
641,sbm,1.6500000000000001,410,1.67,1,1.0,1.0,1.0,1.0,1.0,1.0,0.0
642,sbm,1.6500000000000001,410,4.33,3,1.0,1.0,1.0,1.0,0.6666666666666666,0.6666666666666666,1.0
643,sbm,1.6500000000000001,410,4.67,3,1.0,1.0,1.0,1.0,0.6666666666666666,1.0,1.0
644,sbm,1.6500000000000001,410,7.33,2,1.0,1.0,1.0,1.0,1.0,1.0,1.0
645,sbm,1.85,410,1.0,1,1.0,1.0,1.0,1.0,1.0,0.0,0.0
646,sbm,1.85,410,1.33,1,1.0,1.0,1.0,1.0,1.0,1.0,0.0
647,sbm,1.85,410,1.67,2,1.0,1.0,1.0,1.0,0.5,1.0,0.5
648,sbm,1.85,410,4.0,1,1.0,1.0,1.0,1.0,0.0,0.0,1.0
649,sbm,1.85,410,4.33,1,1.0,1.0,1.0,1.0,1.0,1.0,1.0
650,sbm,1.85,410,7.33,2,1.0,1.0,1.0,1.0,1.0,1.0,1.0
651,sbm,0.05,460,1.0,1,1.0,1.0,1.0,1.0,1.0,0.0,0.0
652,sbm,0.05,460,1.33,3,1.0,1.0,1.0,1.0,1.0,0.6666666666666666,0.6666666666666666
653,sbm,0.05,460,1.67,2,1.0,1.0,1.0,1.0,1.0,1.0,0.5
654,sbm,0.05,460,2.0,3,1.0,1.0,1.0,0.6666666666666666,0.6666666666666666,0.6666666666666666,0.3333333333333333
655,sbm,0.05,460,4.0,1,1.0,1.0,1.0,1.0,1.0,0.0,1.0
656,sbm,0.05,460,4.33,7,1.0,1.0,0.8571428571428571,0.7142857142857143,0.7142857142857143,0.7142857142857143,0.5714285714285714
657,sbm,0.05,460,4.67,1,1.0,1.0,1.0,0.0,1.0,0.0,0.0
658,sbm,0.05,460,7.0,1,1.0,1.0,0.0,0.0,1.0,1.0,1.0
659,sbm,0.05,460,7.33,2,1.0,1.0,1.0,1.0,0.5,0.0,1.0
660,sbm,0.05,460,10.0,1,1.0,1.0,1.0,1.0,1.0,1.0,0.0
661,sbm,0.25,460,1.33,4,1.0,0.75,1.0,0.5,0.75,0.5,0.25
662,sbm,0.25,460,1.67,3,1.0,1.0,1.0,1.0,1.0,0.3333333333333333,0.0
663,sbm,0.25,460,4.0,1,0.0,0.0,1.0,1.0,1.0,1.0,0.0
664,sbm,0.25,460,4.33,3,1.0,1.0,1.0,1.0,1.0,0.6666666666666666,0.6666666666666666
665,sbm,0.25,460,4.67,2,1.0,1.0,1.0,1.0,1.0,1.0,0.5
666,sbm,0.25,460,7.0,2,1.0,1.0,1.0,1.0,1.0,0.0,1.0
667,sbm,0.25,460,7.33,2,1.0,1.0,1.0,1.0,1.0,0.5,1.0
668,sbm,0.25,460,10.0,3,1.0,1.0,1.0,1.0,1.0,0.6666666666666666,0.3333333333333333
669,sbm,0.45,460,1.0,1,1.0,1.0,1.0,1.0,1.0,0.0,1.0
670,sbm,0.45,460,1.33,3,1.0,1.0,1.0,1.0,1.0,1.0,0.3333333333333333
671,sbm,0.45,460,1.67,2,1.0,1.0,1.0,1.0,1.0,1.0,0.0
672,sbm,0.45,460,4.0,3,0.3333333333333333,0.3333333333333333,0.6666666666666666,0.6666666666666666,0.3333333333333333,1.0,0.6666666666666666
673,sbm,0.45,460,4.33,2,0.5,0.5,1.0,1.0,0.5,0.5,1.0
674,sbm,0.45,460,4.67,1,1.0,1.0,1.0,1.0,1.0,0.0,0.0
675,sbm,0.45,460,7.0,2,1.0,1.0,1.0,1.0,1.0,0.5,1.0
676,sbm,0.45,460,7.33,2,1.0,1.0,1.0,1.0,0.5,1.0,0.5
677,sbm,0.45,460,10.0,1,1.0,1.0,1.0,1.0,1.0,0.0,1.0
678,sbm,0.6500000000000001,460,1.0,1,1.0,1.0,1.0,1.0,0.0,0.0,0.0
679,sbm,0.6500000000000001,460,1.33,4,0.75,0.75,0.5,0.5,1.0,0.75,0.25
680,sbm,0.6500000000000001,460,1.67,4,1.0,1.0,1.0,1.0,0.5,0.25,0.0
681,sbm,0.6500000000000001,460,4.33,2,1.0,1.0,1.0,1.0,1.0,0.5,0.5
682,sbm,0.6500000000000001,460,4.67,1,1.0,1.0,1.0,1.0,1.0,1.0,0.0
683,sbm,0.6500000000000001,460,7.0,2,1.0,1.0,1.0,1.0,1.0,1.0,0.5
684,sbm,0.6500000000000001,460,7.33,2,1.0,1.0,1.0,1.0,1.0,1.0,0.5
685,sbm,0.6500000000000001,460,10.0,2,1.0,1.0,1.0,1.0,0.5,0.5,0.5
686,sbm,0.8500000000000001,460,1.33,4,1.0,0.75,0.75,0.75,0.75,0.25,0.0
687,sbm,0.8500000000000001,460,1.67,1,1.0,1.0,0.0,1.0,0.0,0.0,0.0
688,sbm,0.8500000000000001,460,2.0,1,1.0,1.0,1.0,1.0,0.0,1.0,0.0
689,sbm,0.8500000000000001,460,4.0,3,1.0,0.6666666666666666,0.6666666666666666,1.0,1.0,0.6666666666666666,0.3333333333333333
690,sbm,0.8500000000000001,460,4.33,1,1.0,1.0,1.0,1.0,1.0,1.0,0.0
691,sbm,0.8500000000000001,460,4.67,3,0.3333333333333333,0.6666666666666666,0.0,0.0,0.0,0.0,0.6666666666666666
692,sbm,0.8500000000000001,460,7.0,3,0.6666666666666666,1.0,0.6666666666666666,0.0,1.0,1.0,0.0
693,sbm,0.8500000000000001,460,7.33,1,1.0,1.0,1.0,1.0,1.0,1.0,1.0
694,sbm,0.8500000000000001,460,10.0,1,1.0,1.0,1.0,1.0,1.0,1.0,1.0
695,sbm,1.05,460,1.0,1,1.0,1.0,1.0,1.0,1.0,1.0,0.0
696,sbm,1.05,460,1.67,2,1.0,1.0,0.5,0.5,0.5,1.0,1.0
697,sbm,1.05,460,2.0,2,0.5,0.5,0.5,1.0,1.0,0.5,0.0
698,sbm,1.05,460,4.33,4,1.0,1.0,1.0,1.0,1.0,0.5,0.5
699,sbm,1.05,460,4.67,1,1.0,1.0,1.0,1.0,1.0,1.0,1.0
700,sbm,1.05,460,7.0,1,1.0,1.0,1.0,1.0,1.0,1.0,0.0
701,sbm,1.05,460,10.0,1,1.0,1.0,1.0,0.0,0.0,0.0,1.0
702,sbm,1.2500000000000002,460,1.33,2,1.0,1.0,1.0,1.0,1.0,0.5,0.5
703,sbm,1.2500000000000002,460,1.67,1,1.0,1.0,1.0,1.0,1.0,1.0,0.0
704,sbm,1.2500000000000002,460,4.0,1,1.0,1.0,1.0,1.0,1.0,1.0,1.0
705,sbm,1.2500000000000002,460,4.33,4,1.0,1.0,1.0,1.0,1.0,0.5,0.75
706,sbm,1.2500000000000002,460,4.67,2,1.0,1.0,1.0,1.0,0.5,0.5,1.0
707,sbm,1.2500000000000002,460,7.0,1,1.0,1.0,1.0,1.0,1.0,1.0,1.0
708,sbm,1.2500000000000002,460,7.33,3,1.0,1.0,1.0,1.0,1.0,1.0,1.0
709,sbm,1.4500000000000002,460,1.33,2,1.0,1.0,1.0,1.0,1.0,0.5,0.0
710,sbm,1.4500000000000002,460,1.67,3,1.0,1.0,1.0,0.6666666666666666,1.0,0.6666666666666666,0.3333333333333333
711,sbm,1.4500000000000002,460,2.0,1,1.0,1.0,1.0,1.0,1.0,1.0,0.0
712,sbm,1.4500000000000002,460,4.0,3,1.0,1.0,1.0,0.6666666666666666,0.6666666666666666,0.3333333333333333,0.6666666666666666
713,sbm,1.4500000000000002,460,4.33,1,1.0,1.0,1.0,1.0,1.0,1.0,1.0
714,sbm,1.4500000000000002,460,4.67,1,1.0,1.0,1.0,1.0,1.0,0.0,1.0
715,sbm,1.4500000000000002,460,7.0,3,1.0,1.0,1.0,1.0,1.0,0.6666666666666666,1.0
716,sbm,1.4500000000000002,460,7.33,5,1.0,1.0,1.0,1.0,1.0,0.6,1.0
717,sbm,1.4500000000000002,460,10.0,1,1.0,1.0,1.0,1.0,1.0,1.0,1.0
718,sbm,1.6500000000000001,460,1.33,1,1.0,1.0,1.0,1.0,1.0,0.0,1.0
719,sbm,1.6500000000000001,460,1.67,2,1.0,1.0,1.0,1.0,0.5,0.5,1.0
720,sbm,1.6500000000000001,460,4.0,2,1.0,1.0,1.0,1.0,1.0,1.0,1.0
721,sbm,1.6500000000000001,460,4.33,2,1.0,1.0,1.0,1.0,1.0,0.5,0.5
722,sbm,1.85,460,1.0,1,1.0,1.0,1.0,1.0,1.0,1.0,1.0
723,sbm,1.85,460,1.67,3,1.0,1.0,1.0,0.6666666666666666,0.3333333333333333,0.6666666666666666,1.0
724,sbm,1.85,460,2.0,2,1.0,1.0,1.0,1.0,1.0,0.5,0.5
725,sbm,1.85,460,4.33,1,1.0,1.0,1.0,1.0,0.0,1.0,1.0
726,sbm,1.85,460,4.67,2,1.0,1.0,1.0,1.0,1.0,0.5,1.0
727,sbm,0.05,510,1.0,2,1.0,1.0,1.0,1.0,0.5,0.5,0.5
728,sbm,0.05,510,1.33,2,1.0,1.0,1.0,0.5,0.5,0.5,0.0
729,sbm,0.05,510,1.67,2,0.5,1.0,1.0,1.0,1.0,1.0,0.5
730,sbm,0.05,510,4.0,1,1.0,1.0,1.0,1.0,1.0,0.0,1.0
731,sbm,0.05,510,4.33,5,1.0,1.0,1.0,0.8000000000000002,1.0,0.4000000000000001,0.0
732,sbm,0.05,510,4.67,1,1.0,1.0,1.0,1.0,1.0,0.0,0.0
733,sbm,0.05,510,7.0,2,1.0,1.0,1.0,1.0,1.0,0.5,0.5
734,sbm,0.05,510,7.33,6,1.0,1.0,1.0,1.0,0.8333333333333334,0.6666666666666666,0.3333333333333333
735,sbm,0.05,510,10.0,2,1.0,1.0,1.0,1.0,1.0,0.5,0.0
736,sbm,0.25,510,1.0,1,1.0,1.0,1.0,1.0,1.0,1.0,0.0
737,sbm,0.25,510,1.33,5,1.0,1.0,1.0,0.8000000000000002,1.0,0.4000000000000001,0.8000000000000002
738,sbm,0.25,510,1.67,2,1.0,1.0,1.0,1.0,0.5,0.5,0.0
739,sbm,0.25,510,4.33,5,0.8000000000000002,0.8000000000000002,0.8000000000000002,0.8000000000000002,0.8000000000000002,0.6,0.6
740,sbm,0.25,510,4.67,4,1.0,0.75,0.75,0.75,0.75,0.25,0.75
741,sbm,0.25,510,7.0,3,1.0,1.0,1.0,1.0,1.0,0.6666666666666666,0.3333333333333333
742,sbm,0.25,510,7.33,1,1.0,1.0,1.0,1.0,1.0,0.0,0.0
743,sbm,0.45,510,1.33,8,1.0,1.0,1.0,1.0,0.625,0.75,0.875
744,sbm,0.45,510,1.67,4,1.0,1.0,1.0,1.0,1.0,0.5,0.25
745,sbm,0.45,510,4.0,2,1.0,1.0,0.5,0.5,0.5,0.5,1.0
746,sbm,0.45,510,4.33,3,1.0,1.0,1.0,1.0,1.0,0.6666666666666666,0.0
747,sbm,0.45,510,4.67,2,1.0,1.0,1.0,1.0,1.0,1.0,0.0
748,sbm,0.45,510,7.0,2,1.0,1.0,1.0,1.0,1.0,1.0,1.0
749,sbm,0.45,510,7.33,4,1.0,1.0,1.0,1.0,0.75,1.0,0.5
750,sbm,0.45,510,10.0,1,1.0,1.0,1.0,1.0,1.0,0.0,1.0
751,sbm,0.6500000000000001,510,1.0,1,1.0,1.0,1.0,1.0,1.0,1.0,1.0
752,sbm,0.6500000000000001,510,1.67,4,1.0,1.0,1.0,1.0,1.0,0.75,0.5
753,sbm,0.6500000000000001,510,4.33,8,1.0,1.0,1.0,0.875,0.875,0.75,0.25
754,sbm,0.6500000000000001,510,4.67,2,1.0,1.0,0.5,1.0,1.0,0.5,0.0
755,sbm,0.6500000000000001,510,7.33,4,1.0,1.0,1.0,1.0,1.0,0.25,0.5
756,sbm,0.6500000000000001,510,10.0,1,1.0,1.0,1.0,1.0,1.0,0.0,0.0
757,sbm,0.8500000000000001,510,1.67,3,1.0,0.6666666666666666,0.6666666666666666,0.6666666666666666,0.6666666666666666,0.3333333333333333,0.3333333333333333
758,sbm,0.8500000000000001,510,4.0,4,1.0,1.0,1.0,1.0,0.75,0.5,0.0
759,sbm,0.8500000000000001,510,4.33,5,1.0,0.8000000000000002,0.8000000000000002,1.0,0.8000000000000002,1.0,0.20000000000000004
760,sbm,0.8500000000000001,510,4.67,6,0.8333333333333334,0.8333333333333334,0.8333333333333334,1.0,1.0,0.8333333333333334,0.3333333333333333
761,sbm,0.8500000000000001,510,7.0,2,0.5,1.0,0.5,0.5,0.5,0.5,0.0
762,sbm,0.8500000000000001,510,7.33,1,1.0,1.0,1.0,1.0,1.0,1.0,0.0
763,sbm,1.05,510,1.33,5,0.8000000000000002,0.8000000000000002,0.6,0.8000000000000002,0.6,0.4000000000000001,0.20000000000000004
764,sbm,1.05,510,1.67,2,1.0,1.0,1.0,0.5,1.0,1.0,0.5
765,sbm,1.05,510,2.0,2,1.0,1.0,1.0,1.0,1.0,1.0,0.0
766,sbm,1.05,510,4.0,1,1.0,1.0,1.0,1.0,0.0,1.0,1.0
767,sbm,1.05,510,4.33,3,1.0,1.0,1.0,1.0,0.6666666666666666,0.3333333333333333,1.0
768,sbm,1.05,510,4.67,1,1.0,1.0,1.0,1.0,1.0,1.0,1.0
769,sbm,1.2500000000000002,510,1.33,1,0.0,1.0,1.0,0.0,1.0,1.0,1.0
770,sbm,1.2500000000000002,510,7.0,3,1.0,1.0,1.0,1.0,0.6666666666666666,0.3333333333333333,1.0
771,sbm,1.2500000000000002,510,7.33,1,1.0,1.0,1.0,1.0,1.0,0.0,1.0
772,sbm,1.2500000000000002,510,10.0,1,1.0,1.0,1.0,1.0,1.0,1.0,1.0
773,sbm,1.4500000000000002,510,1.0,2,1.0,1.0,1.0,1.0,1.0,0.5,0.0
774,sbm,1.4500000000000002,510,1.33,2,1.0,1.0,1.0,1.0,1.0,0.0,0.0
775,sbm,1.4500000000000002,510,1.67,5,1.0,1.0,1.0,1.0,1.0,0.8000000000000002,0.20000000000000004
776,sbm,1.4500000000000002,510,2.0,1,1.0,1.0,1.0,1.0,1.0,1.0,0.0
777,sbm,1.4500000000000002,510,4.0,2,1.0,1.0,1.0,1.0,1.0,1.0,1.0
778,sbm,1.4500000000000002,510,4.33,2,1.0,1.0,1.0,1.0,1.0,1.0,1.0
779,sbm,1.4500000000000002,510,7.0,3,1.0,1.0,1.0,1.0,1.0,0.6666666666666666,1.0
780,sbm,1.4500000000000002,510,7.33,1,1.0,1.0,1.0,1.0,0.0,1.0,1.0
781,sbm,1.4500000000000002,510,10.0,1,1.0,1.0,1.0,1.0,1.0,0.0,1.0
782,sbm,1.6500000000000001,510,2.0,1,1.0,1.0,1.0,1.0,1.0,1.0,1.0
783,sbm,1.6500000000000001,510,4.33,1,1.0,1.0,1.0,1.0,0.0,1.0,1.0
784,sbm,1.85,510,1.67,1,1.0,1.0,1.0,1.0,1.0,0.0,1.0
785,sbm,1.85,510,4.0,1,1.0,1.0,1.0,1.0,1.0,1.0,1.0
786,sbm,1.85,510,4.33,3,1.0,1.0,1.0,1.0,1.0,1.0,1.0
787,sbm,1.85,510,4.67,2,1.0,1.0,1.0,1.0,1.0,0.5,1.0
788,sbm,1.85,510,7.33,1,1.0,1.0,1.0,1.0,0.0,1.0,1.0
789,sbm,1.85,510,10.0,1,1.0,1.0,1.0,1.0,1.0,1.0,1.0
790,sbm,0.05,560,1.33,5,1.0,0.8000000000000002,0.8000000000000002,0.4000000000000001,0.6,0.4000000000000001,0.4000000000000001
791,sbm,0.05,560,4.0,2,1.0,1.0,0.5,1.0,0.5,0.5,1.0
792,sbm,0.05,560,4.33,4,1.0,1.0,0.75,0.75,0.75,0.5,0.5
793,sbm,0.05,560,4.67,1,1.0,1.0,1.0,1.0,1.0,1.0,1.0
794,sbm,0.05,560,7.0,4,1.0,1.0,0.75,0.75,1.0,0.5,0.25
795,sbm,0.05,560,7.33,1,1.0,1.0,1.0,1.0,1.0,0.0,0.0
796,sbm,0.25,560,1.0,1,1.0,1.0,0.0,1.0,1.0,1.0,0.0
797,sbm,0.25,560,1.33,5,1.0,0.8000000000000002,0.8000000000000002,1.0,0.8000000000000002,0.4000000000000001,0.4000000000000001
798,sbm,0.25,560,1.67,2,1.0,1.0,1.0,1.0,1.0,0.5,0.5
799,sbm,0.25,560,4.0,3,1.0,1.0,0.6666666666666666,1.0,0.6666666666666666,0.6666666666666666,0.6666666666666666
800,sbm,0.25,560,4.33,3,1.0,1.0,1.0,1.0,1.0,1.0,0.6666666666666666
801,sbm,0.25,560,4.67,2,1.0,1.0,1.0,1.0,1.0,0.5,0.5
802,sbm,0.25,560,7.0,2,1.0,1.0,1.0,1.0,1.0,0.5,0.0
803,sbm,0.25,560,7.33,3,1.0,1.0,1.0,1.0,1.0,0.6666666666666666,1.0
804,sbm,0.25,560,10.0,1,1.0,1.0,1.0,1.0,1.0,1.0,0.0
805,sbm,0.45,560,1.0,1,1.0,1.0,1.0,1.0,1.0,1.0,0.0
806,sbm,0.45,560,1.33,3,1.0,1.0,1.0,1.0,0.6666666666666666,0.6666666666666666,0.3333333333333333
807,sbm,0.45,560,1.67,2,1.0,1.0,1.0,1.0,0.0,0.5,1.0
808,sbm,0.45,560,2.0,2,1.0,1.0,1.0,1.0,1.0,1.0,1.0
809,sbm,0.45,560,4.0,3,1.0,1.0,1.0,1.0,0.6666666666666666,1.0,0.6666666666666666
810,sbm,0.45,560,4.33,8,1.0,1.0,1.0,1.0,0.875,1.0,0.625
811,sbm,0.45,560,4.67,1,1.0,1.0,1.0,1.0,0.0,1.0,1.0
812,sbm,0.45,560,7.0,4,1.0,1.0,1.0,0.75,0.75,0.75,0.25
813,sbm,0.45,560,7.33,3,1.0,1.0,1.0,1.0,1.0,0.6666666666666666,0.0
814,sbm,0.6500000000000001,560,1.0,2,1.0,1.0,1.0,1.0,0.0,0.0,0.5
815,sbm,0.6500000000000001,560,1.33,3,1.0,1.0,1.0,1.0,0.6666666666666666,0.3333333333333333,0.3333333333333333
816,sbm,0.6500000000000001,560,1.67,2,1.0,1.0,1.0,1.0,1.0,1.0,0.5
817,sbm,0.6500000000000001,560,2.0,3,0.6666666666666666,0.3333333333333333,0.6666666666666666,0.6666666666666666,0.6666666666666666,0.6666666666666666,0.3333333333333333
818,sbm,0.6500000000000001,560,4.0,3,1.0,1.0,1.0,1.0,1.0,0.6666666666666666,0.6666666666666666
819,sbm,0.6500000000000001,560,4.33,3,1.0,0.6666666666666666,0.6666666666666666,0.6666666666666666,1.0,0.3333333333333333,0.6666666666666666
820,sbm,0.6500000000000001,560,4.67,5,1.0,1.0,1.0,1.0,1.0,0.6,0.20000000000000004
821,sbm,0.6500000000000001,560,7.0,2,1.0,1.0,1.0,1.0,1.0,0.5,0.0
822,sbm,0.6500000000000001,560,7.33,3,0.6666666666666666,1.0,0.6666666666666666,1.0,1.0,0.6666666666666666,0.0
823,sbm,0.6500000000000001,560,10.0,1,1.0,1.0,1.0,1.0,1.0,0.0,0.0
824,sbm,0.8500000000000001,560,1.0,1,1.0,1.0,1.0,1.0,1.0,1.0,0.0
825,sbm,0.8500000000000001,560,1.33,4,0.75,0.75,1.0,0.75,0.75,0.75,0.5
826,sbm,0.8500000000000001,560,2.0,1,1.0,1.0,1.0,1.0,1.0,1.0,0.0
827,sbm,0.8500000000000001,560,4.0,1,1.0,1.0,1.0,1.0,1.0,0.0,0.0
828,sbm,0.8500000000000001,560,4.33,4,0.75,0.75,0.75,0.75,0.5,0.0,0.25
829,sbm,0.8500000000000001,560,4.67,1,0.0,0.0,0.0,0.0,0.0,0.0,1.0
830,sbm,0.8500000000000001,560,7.0,3,1.0,0.3333333333333333,0.6666666666666666,0.6666666666666666,0.6666666666666666,0.3333333333333333,0.3333333333333333
831,sbm,0.8500000000000001,560,7.33,2,1.0,1.0,1.0,1.0,1.0,1.0,0.0
832,sbm,0.8500000000000001,560,10.0,1,1.0,1.0,1.0,1.0,1.0,1.0,0.0
833,sbm,1.05,560,1.33,3,0.6666666666666666,1.0,0.6666666666666666,0.6666666666666666,0.6666666666666666,0.0,0.0
834,sbm,1.05,560,1.67,2,1.0,1.0,1.0,1.0,1.0,1.0,0.0
835,sbm,1.05,560,4.0,1,1.0,1.0,0.0,0.0,1.0,1.0,1.0
836,sbm,1.05,560,4.33,2,1.0,1.0,0.5,0.5,0.5,1.0,1.0
837,sbm,1.05,560,4.67,2,1.0,1.0,1.0,1.0,1.0,1.0,1.0
838,sbm,1.05,560,7.0,1,1.0,1.0,1.0,1.0,1.0,1.0,1.0
839,sbm,1.05,560,7.33,2,1.0,1.0,0.5,0.5,1.0,1.0,0.5
840,sbm,1.2500000000000002,560,1.0,1,1.0,1.0,1.0,1.0,1.0,0.0,1.0
841,sbm,1.2500000000000002,560,1.33,3,1.0,1.0,1.0,0.6666666666666666,1.0,0.3333333333333333,0.0
842,sbm,1.2500000000000002,560,1.67,2,1.0,1.0,1.0,0.5,1.0,1.0,0.5
843,sbm,1.2500000000000002,560,2.0,1,1.0,1.0,1.0,1.0,1.0,1.0,0.0
844,sbm,1.2500000000000002,560,4.33,2,1.0,1.0,1.0,1.0,1.0,0.5,1.0
845,sbm,1.2500000000000002,560,4.67,1,1.0,1.0,1.0,1.0,1.0,0.0,1.0
846,sbm,1.2500000000000002,560,7.0,2,1.0,1.0,1.0,1.0,0.5,1.0,1.0
847,sbm,1.2500000000000002,560,10.0,1,1.0,1.0,1.0,1.0,0.0,1.0,1.0
848,sbm,1.4500000000000002,560,1.0,1,1.0,1.0,1.0,1.0,1.0,1.0,0.0
849,sbm,1.4500000000000002,560,4.0,1,1.0,1.0,1.0,1.0,1.0,1.0,1.0
850,sbm,1.4500000000000002,560,4.33,4,1.0,1.0,1.0,0.75,1.0,1.0,1.0
851,sbm,1.4500000000000002,560,4.67,4,1.0,1.0,1.0,1.0,0.75,1.0,1.0
852,sbm,1.4500000000000002,560,7.0,2,1.0,1.0,1.0,1.0,1.0,1.0,1.0
853,sbm,1.4500000000000002,560,7.33,3,1.0,1.0,1.0,1.0,1.0,1.0,1.0
854,sbm,1.6500000000000001,560,1.33,3,1.0,1.0,1.0,1.0,1.0,1.0,0.0
855,sbm,1.6500000000000001,560,1.67,1,1.0,1.0,1.0,1.0,1.0,1.0,0.0
856,sbm,1.6500000000000001,560,2.0,1,1.0,1.0,1.0,1.0,1.0,1.0,0.0
857,sbm,1.6500000000000001,560,4.33,4,1.0,1.0,1.0,1.0,1.0,0.75,1.0
858,sbm,1.6500000000000001,560,7.0,3,1.0,1.0,1.0,1.0,0.6666666666666666,0.3333333333333333,1.0
859,sbm,1.6500000000000001,560,7.33,2,1.0,1.0,1.0,1.0,1.0,1.0,1.0
860,sbm,1.85,560,1.33,1,1.0,1.0,1.0,1.0,1.0,1.0,0.0
861,sbm,1.85,560,1.67,2,1.0,1.0,1.0,1.0,1.0,1.0,0.5
862,sbm,1.85,560,4.0,2,1.0,1.0,1.0,1.0,1.0,0.5,0.5
863,sbm,1.85,560,4.33,2,1.0,1.0,1.0,1.0,1.0,1.0,1.0
864,sbm,1.85,560,7.0,1,1.0,1.0,1.0,1.0,1.0,1.0,1.0
865,sbm,1.85,560,7.33,2,1.0,1.0,1.0,1.0,1.0,1.0,1.0
866,sbm,0.05,610,1.33,1,1.0,1.0,1.0,1.0,0.0,1.0,1.0
867,sbm,0.05,610,1.67,1,1.0,1.0,1.0,1.0,1.0,1.0,0.0
868,sbm,0.05,610,2.0,1,1.0,1.0,1.0,1.0,1.0,1.0,0.0
869,sbm,0.05,610,4.0,4,1.0,1.0,0.75,0.75,1.0,0.5,0.25
870,sbm,0.05,610,4.33,4,0.75,0.75,0.75,0.5,0.5,0.75,0.75
871,sbm,0.05,610,4.67,3,0.6666666666666666,0.6666666666666666,1.0,0.3333333333333333,0.6666666666666666,0.3333333333333333,1.0
872,sbm,0.05,610,7.0,1,1.0,1.0,1.0,1.0,1.0,1.0,0.0
873,sbm,0.05,610,7.33,2,1.0,1.0,0.5,0.5,1.0,0.5,0.5
874,sbm,0.05,610,10.0,1,1.0,1.0,1.0,0.0,1.0,1.0,1.0
875,sbm,0.25,610,1.33,4,0.75,1.0,1.0,1.0,1.0,1.0,0.75
876,sbm,0.25,610,1.67,4,0.75,0.75,0.5,0.75,0.5,0.75,0.5
877,sbm,0.25,610,2.0,3,1.0,1.0,1.0,1.0,1.0,0.6666666666666666,0.0
878,sbm,0.25,610,4.0,5,1.0,1.0,1.0,0.8000000000000002,1.0,0.8000000000000002,0.20000000000000004
879,sbm,0.25,610,4.33,6,1.0,1.0,1.0,1.0,0.8333333333333334,0.8333333333333334,0.3333333333333333
880,sbm,0.25,610,4.67,3,1.0,1.0,0.6666666666666666,0.6666666666666666,0.6666666666666666,0.6666666666666666,0.6666666666666666
881,sbm,0.25,610,7.0,1,1.0,1.0,1.0,1.0,1.0,1.0,1.0
882,sbm,0.25,610,7.33,2,1.0,1.0,1.0,1.0,1.0,0.0,0.5
883,sbm,0.45,610,1.0,1,1.0,1.0,1.0,1.0,1.0,1.0,0.0
884,sbm,0.45,610,1.33,6,1.0,1.0,1.0,1.0,0.8333333333333334,0.8333333333333334,0.16666666666666666
885,sbm,0.45,610,1.67,2,1.0,1.0,1.0,1.0,1.0,0.0,1.0
886,sbm,0.45,610,4.0,2,1.0,1.0,1.0,1.0,0.5,0.5,0.5
887,sbm,0.45,610,4.33,3,1.0,1.0,1.0,1.0,1.0,0.6666666666666666,0.6666666666666666
888,sbm,0.45,610,4.67,4,0.75,0.75,0.75,0.75,0.75,0.25,0.0
889,sbm,0.45,610,7.33,2,1.0,1.0,0.5,1.0,1.0,0.5,0.0
890,sbm,0.6500000000000001,610,1.33,3,1.0,1.0,1.0,1.0,1.0,0.3333333333333333,0.0
891,sbm,0.6500000000000001,610,1.67,1,1.0,1.0,1.0,1.0,1.0,1.0,0.0
892,sbm,0.6500000000000001,610,4.0,2,1.0,1.0,1.0,1.0,1.0,0.5,0.0
893,sbm,0.6500000000000001,610,4.33,5,1.0,1.0,1.0,1.0,0.4000000000000001,0.4000000000000001,0.6
894,sbm,0.6500000000000001,610,4.67,3,1.0,1.0,1.0,1.0,1.0,0.0,0.0
895,sbm,0.6500000000000001,610,7.0,1,1.0,1.0,1.0,1.0,1.0,1.0,0.0
896,sbm,0.6500000000000001,610,7.33,2,1.0,1.0,1.0,1.0,0.5,1.0,0.0
897,sbm,0.8500000000000001,610,1.0,1,1.0,1.0,1.0,1.0,1.0,0.0,0.0
898,sbm,0.8500000000000001,610,1.33,4,1.0,0.75,1.0,0.75,0.5,0.5,0.25
899,sbm,0.8500000000000001,610,1.67,3,0.3333333333333333,0.6666666666666666,0.6666666666666666,1.0,1.0,0.3333333333333333,0.6666666666666666
900,sbm,0.8500000000000001,610,2.0,1,1.0,1.0,1.0,1.0,1.0,1.0,0.0
901,sbm,0.8500000000000001,610,4.0,4,1.0,1.0,1.0,1.0,1.0,0.5,0.25
902,sbm,0.8500000000000001,610,4.33,2,1.0,1.0,1.0,1.0,1.0,0.5,0.0
903,sbm,0.8500000000000001,610,4.67,1,1.0,1.0,1.0,1.0,1.0,1.0,0.0
904,sbm,0.8500000000000001,610,7.0,4,1.0,1.0,1.0,1.0,1.0,0.75,0.5
905,sbm,0.8500000000000001,610,7.33,3,1.0,1.0,1.0,1.0,1.0,0.6666666666666666,0.3333333333333333
906,sbm,1.05,610,1.0,1,1.0,1.0,1.0,1.0,0.0,0.0,0.0
907,sbm,1.05,610,1.33,4,1.0,1.0,0.75,1.0,0.75,1.0,0.25
908,sbm,1.05,610,1.67,1,1.0,1.0,1.0,1.0,1.0,1.0,0.0
909,sbm,1.05,610,2.0,2,1.0,1.0,1.0,1.0,1.0,0.5,0.0
910,sbm,1.05,610,4.33,2,1.0,1.0,1.0,1.0,0.0,0.0,1.0
911,sbm,1.05,610,7.0,2,1.0,1.0,1.0,1.0,1.0,1.0,1.0
912,sbm,1.05,610,7.33,1,1.0,1.0,1.0,1.0,1.0,1.0,1.0
913,sbm,1.2500000000000002,610,1.33,3,1.0,1.0,1.0,1.0,1.0,1.0,0.0
914,sbm,1.2500000000000002,610,1.67,3,1.0,1.0,1.0,1.0,1.0,1.0,0.3333333333333333
915,sbm,1.2500000000000002,610,4.0,2,1.0,1.0,1.0,1.0,0.5,0.5,1.0
916,sbm,1.2500000000000002,610,4.33,5,1.0,1.0,1.0,1.0,1.0,0.8000000000000002,1.0
917,sbm,1.2500000000000002,610,4.67,1,1.0,1.0,1.0,1.0,1.0,1.0,1.0
918,sbm,1.2500000000000002,610,7.0,1,1.0,1.0,1.0,1.0,1.0,1.0,1.0
919,sbm,1.2500000000000002,610,7.33,1,1.0,1.0,1.0,1.0,1.0,1.0,0.0
920,sbm,1.4500000000000002,610,1.33,4,1.0,1.0,1.0,0.75,0.75,0.5,0.75
921,sbm,1.4500000000000002,610,1.67,2,1.0,1.0,1.0,1.0,1.0,0.5,1.0
922,sbm,1.4500000000000002,610,4.0,3,1.0,1.0,1.0,0.6666666666666666,1.0,0.3333333333333333,1.0
923,sbm,1.4500000000000002,610,4.33,4,1.0,1.0,1.0,0.75,1.0,1.0,0.75
924,sbm,1.4500000000000002,610,4.67,3,1.0,1.0,1.0,1.0,1.0,1.0,1.0
925,sbm,1.4500000000000002,610,7.0,1,1.0,1.0,1.0,1.0,1.0,1.0,1.0
926,sbm,1.4500000000000002,610,7.33,4,1.0,1.0,1.0,1.0,0.75,1.0,1.0
927,sbm,1.6500000000000001,610,1.67,1,1.0,1.0,1.0,1.0,1.0,1.0,1.0
928,sbm,1.6500000000000001,610,4.33,2,1.0,1.0,0.5,0.5,1.0,0.5,1.0
929,sbm,1.6500000000000001,610,4.67,2,1.0,1.0,1.0,1.0,1.0,0.5,1.0
930,sbm,1.6500000000000001,610,7.0,1,1.0,1.0,1.0,1.0,1.0,1.0,1.0
931,sbm,1.6500000000000001,610,7.33,3,1.0,1.0,1.0,1.0,1.0,1.0,1.0
932,sbm,1.85,610,1.33,3,1.0,1.0,1.0,0.6666666666666666,0.6666666666666666,0.6666666666666666,0.6666666666666666
933,sbm,1.85,610,1.67,2,1.0,1.0,1.0,1.0,0.5,1.0,0.5
934,sbm,1.85,610,2.0,1,1.0,1.0,1.0,1.0,1.0,1.0,1.0
935,sbm,1.85,610,4.33,4,1.0,1.0,0.75,1.0,1.0,1.0,1.0
936,sbm,1.85,610,4.67,3,1.0,1.0,1.0,1.0,0.6666666666666666,1.0,1.0
937,sbm,1.85,610,7.0,1,1.0,1.0,1.0,1.0,1.0,1.0,1.0
938,sbm,1.85,610,10.0,2,1.0,1.0,1.0,1.0,1.0,0.5,1.0
939,sbm,0.05,660,1.0,4,1.0,1.0,1.0,1.0,0.5,0.5,1.0
940,sbm,0.05,660,1.33,1,1.0,1.0,1.0,0.0,1.0,1.0,0.0
941,sbm,0.05,660,1.67,1,1.0,1.0,1.0,1.0,1.0,1.0,1.0
942,sbm,0.05,660,2.0,1,1.0,1.0,1.0,1.0,1.0,1.0,1.0
943,sbm,0.05,660,4.0,4,1.0,1.0,1.0,1.0,1.0,0.5,0.5
944,sbm,0.05,660,4.33,7,1.0,1.0,1.0,1.0,1.0,0.8571428571428571,0.42857142857142855
945,sbm,0.05,660,4.67,1,1.0,1.0,1.0,1.0,1.0,1.0,1.0
946,sbm,0.05,660,7.0,1,1.0,1.0,1.0,1.0,1.0,0.0,0.0
947,sbm,0.05,660,7.33,4,1.0,1.0,1.0,0.5,1.0,0.75,0.25
948,sbm,0.05,660,10.0,1,1.0,1.0,1.0,0.0,1.0,1.0,1.0
949,sbm,0.25,660,1.0,2,1.0,1.0,1.0,1.0,1.0,0.5,0.0
950,sbm,0.25,660,1.33,3,1.0,1.0,1.0,1.0,1.0,0.3333333333333333,0.3333333333333333
951,sbm,0.25,660,1.67,4,1.0,1.0,0.75,1.0,1.0,0.5,0.25
952,sbm,0.25,660,2.0,1,0.0,1.0,1.0,1.0,1.0,1.0,0.0
953,sbm,0.25,660,4.0,4,1.0,1.0,1.0,0.5,0.75,0.75,0.5
954,sbm,0.25,660,4.33,5,0.8000000000000002,1.0,1.0,1.0,1.0,1.0,0.6
955,sbm,0.25,660,4.67,4,1.0,1.0,1.0,1.0,1.0,1.0,0.0
956,sbm,0.25,660,7.0,3,1.0,1.0,1.0,1.0,1.0,1.0,0.6666666666666666
957,sbm,0.25,660,10.0,2,1.0,1.0,1.0,1.0,1.0,1.0,1.0
958,sbm,0.45,660,1.0,2,1.0,1.0,1.0,1.0,1.0,1.0,0.0
959,sbm,0.45,660,1.33,5,1.0,1.0,1.0,1.0,1.0,0.8000000000000002,0.8000000000000002
960,sbm,0.45,660,1.67,2,1.0,1.0,1.0,0.5,1.0,0.5,0.0
961,sbm,0.45,660,4.0,2,1.0,1.0,1.0,1.0,1.0,0.5,1.0
962,sbm,0.45,660,4.33,4,0.75,0.75,0.75,0.75,0.25,0.25,0.25
963,sbm,0.45,660,4.67,4,0.75,0.75,1.0,0.75,0.75,0.75,0.75
964,sbm,0.45,660,7.0,1,1.0,1.0,1.0,1.0,1.0,1.0,0.0
965,sbm,0.45,660,7.33,2,1.0,1.0,1.0,1.0,0.5,0.5,0.5
966,sbm,0.45,660,10.0,2,1.0,1.0,1.0,1.0,1.0,1.0,0.5
967,sbm,0.6500000000000001,660,1.0,2,1.0,0.5,0.5,1.0,0.5,0.5,0.0
968,sbm,0.6500000000000001,660,1.33,1,1.0,1.0,1.0,1.0,1.0,0.0,0.0
969,sbm,0.6500000000000001,660,1.67,3,1.0,1.0,1.0,1.0,0.6666666666666666,1.0,0.0
970,sbm,0.6500000000000001,660,4.33,4,1.0,1.0,1.0,1.0,1.0,0.5,0.25
971,sbm,0.6500000000000001,660,7.0,3,1.0,1.0,1.0,1.0,0.6666666666666666,0.3333333333333333,0.3333333333333333
972,sbm,0.6500000000000001,660,7.33,2,1.0,1.0,1.0,1.0,1.0,1.0,0.0
973,sbm,0.6500000000000001,660,10.0,1,1.0,1.0,1.0,1.0,1.0,1.0,1.0
974,sbm,0.8500000000000001,660,1.0,2,1.0,0.5,1.0,1.0,1.0,0.5,0.5
975,sbm,0.8500000000000001,660,1.33,1,1.0,1.0,1.0,1.0,1.0,0.0,1.0
976,sbm,0.8500000000000001,660,1.67,3,0.6666666666666666,1.0,0.6666666666666666,0.6666666666666666,1.0,1.0,0.0
977,sbm,0.8500000000000001,660,2.0,1,0.0,0.0,0.0,0.0,0.0,1.0,0.0
978,sbm,0.8500000000000001,660,4.0,2,1.0,1.0,1.0,1.0,1.0,0.5,0.5
979,sbm,0.8500000000000001,660,4.33,8,0.875,0.875,0.625,0.875,0.75,0.5,0.25
980,sbm,0.8500000000000001,660,4.67,2,1.0,1.0,1.0,1.0,0.5,1.0,0.5
981,sbm,0.8500000000000001,660,7.0,2,0.5,0.5,0.5,1.0,0.5,0.0,0.0
982,sbm,0.8500000000000001,660,7.33,3,1.0,1.0,0.6666666666666666,1.0,0.6666666666666666,0.6666666666666666,0.3333333333333333
983,sbm,0.8500000000000001,660,10.0,1,1.0,1.0,1.0,1.0,1.0,0.0,0.0
984,sbm,1.05,660,1.33,2,0.5,1.0,1.0,0.5,0.5,0.5,0.5
985,sbm,1.05,660,4.0,2,0.5,1.0,0.5,0.5,0.5,1.0,0.0
986,sbm,1.05,660,4.33,5,0.8000000000000002,0.8000000000000002,1.0,0.6,0.8000000000000002,0.6,0.4000000000000001
987,sbm,1.05,660,4.67,2,1.0,1.0,1.0,1.0,0.5,0.5,1.0
988,sbm,1.05,660,7.0,1,1.0,1.0,0.0,1.0,0.0,1.0,0.0
989,sbm,1.05,660,7.33,1,0.0,0.0,0.0,0.0,0.0,0.0,0.0
990,sbm,1.2500000000000002,660,1.33,1,1.0,1.0,1.0,1.0,0.0,1.0,0.0
991,sbm,1.2500000000000002,660,1.67,2,1.0,1.0,1.0,1.0,1.0,0.5,0.0
992,sbm,1.2500000000000002,660,4.0,2,1.0,1.0,1.0,1.0,0.5,1.0,1.0
993,sbm,1.2500000000000002,660,4.33,3,1.0,1.0,1.0,1.0,1.0,0.6666666666666666,1.0
994,sbm,1.2500000000000002,660,7.0,1,1.0,1.0,1.0,1.0,1.0,1.0,1.0
995,sbm,1.2500000000000002,660,7.33,1,1.0,1.0,1.0,1.0,1.0,1.0,1.0
996,sbm,1.2500000000000002,660,10.0,1,1.0,1.0,1.0,0.0,0.0,1.0,1.0
997,sbm,1.4500000000000002,660,1.0,1,1.0,1.0,0.0,0.0,1.0,0.0,1.0
998,sbm,1.4500000000000002,660,1.33,2,1.0,1.0,1.0,0.5,1.0,1.0,0.5
999,sbm,1.4500000000000002,660,1.67,2,1.0,1.0,1.0,1.0,1.0,1.0,0.5
1000,sbm,1.4500000000000002,660,4.0,1,1.0,1.0,1.0,1.0,1.0,1.0,0.0
1001,sbm,1.4500000000000002,660,4.33,5,1.0,1.0,1.0,1.0,1.0,0.6,1.0
1002,sbm,1.4500000000000002,660,4.67,1,1.0,1.0,1.0,1.0,1.0,1.0,1.0
1003,sbm,1.4500000000000002,660,7.0,4,1.0,1.0,1.0,1.0,0.75,0.25,1.0
1004,sbm,1.4500000000000002,660,7.33,2,1.0,1.0,1.0,1.0,1.0,0.5,1.0
1005,sbm,1.4500000000000002,660,10.0,1,1.0,1.0,1.0,1.0,0.0,1.0,1.0
1006,sbm,1.6500000000000001,660,1.33,1,1.0,1.0,1.0,1.0,1.0,1.0,0.0
1007,sbm,1.6500000000000001,660,1.67,1,1.0,1.0,1.0,1.0,0.0,1.0,1.0
1008,sbm,1.6500000000000001,660,4.0,1,1.0,1.0,1.0,1.0,0.0,1.0,1.0
1009,sbm,1.6500000000000001,660,4.33,4,1.0,1.0,1.0,1.0,1.0,1.0,1.0
1010,sbm,1.6500000000000001,660,4.67,1,1.0,1.0,1.0,1.0,1.0,1.0,1.0
1011,sbm,1.6500000000000001,660,7.0,1,1.0,1.0,1.0,1.0,1.0,1.0,1.0
1012,sbm,1.6500000000000001,660,7.33,1,1.0,1.0,1.0,1.0,1.0,1.0,1.0
1013,sbm,1.6500000000000001,660,10.0,1,1.0,1.0,1.0,1.0,1.0,1.0,1.0
1014,sbm,1.85,660,1.33,1,1.0,1.0,1.0,1.0,1.0,1.0,0.0
1015,sbm,1.85,660,1.67,4,1.0,1.0,1.0,1.0,1.0,0.75,0.5
1016,sbm,1.85,660,4.33,3,1.0,1.0,1.0,1.0,1.0,0.6666666666666666,1.0
1017,sbm,1.85,660,4.67,1,1.0,1.0,1.0,1.0,1.0,1.0,1.0
1018,sbm,1.85,660,7.33,2,1.0,1.0,1.0,1.0,1.0,1.0,1.0
1019,sbm,0.05,710,1.0,1,1.0,1.0,1.0,0.0,1.0,1.0,0.0
1020,sbm,0.05,710,1.33,2,0.5,1.0,1.0,1.0,0.5,0.5,0.0
1021,sbm,0.05,710,1.67,1,1.0,1.0,1.0,1.0,1.0,0.0,0.0
1022,sbm,0.05,710,2.0,1,1.0,1.0,1.0,1.0,1.0,0.0,1.0
1023,sbm,0.05,710,4.0,1,1.0,1.0,1.0,1.0,1.0,1.0,1.0
1024,sbm,0.05,710,4.33,6,1.0,1.0,1.0,0.8333333333333334,0.6666666666666666,0.3333333333333333,0.16666666666666666
1025,sbm,0.05,710,4.67,1,1.0,1.0,1.0,1.0,1.0,0.0,1.0
1026,sbm,0.05,710,7.0,2,1.0,1.0,1.0,1.0,1.0,1.0,1.0
1027,sbm,0.05,710,7.33,1,1.0,1.0,1.0,1.0,1.0,0.0,0.0
1028,sbm,0.05,710,10.0,2,1.0,1.0,1.0,1.0,0.5,0.5,1.0
1029,sbm,0.25,710,1.33,4,1.0,1.0,1.0,0.75,1.0,0.75,0.75
1030,sbm,0.25,710,1.67,3,1.0,1.0,1.0,1.0,1.0,1.0,0.0
1031,sbm,0.25,710,2.0,1,1.0,1.0,1.0,1.0,1.0,1.0,0.0
1032,sbm,0.25,710,4.0,2,1.0,1.0,1.0,1.0,0.5,0.5,1.0
1033,sbm,0.25,710,4.33,6,1.0,1.0,0.8333333333333334,1.0,0.6666666666666666,0.3333333333333333,0.6666666666666666
1034,sbm,0.25,710,4.67,1,1.0,1.0,1.0,1.0,1.0,0.0,1.0
1035,sbm,0.25,710,7.0,5,1.0,1.0,0.8000000000000002,1.0,1.0,0.6,0.0
1036,sbm,0.25,710,7.33,1,1.0,1.0,1.0,1.0,1.0,1.0,1.0
1037,sbm,0.45,710,1.33,1,1.0,1.0,1.0,1.0,1.0,1.0,0.0
1038,sbm,0.45,710,1.67,2,1.0,1.0,1.0,1.0,1.0,0.5,1.0
1039,sbm,0.45,710,2.0,2,1.0,1.0,1.0,1.0,1.0,0.5,1.0
1040,sbm,0.45,710,4.0,2,0.5,1.0,1.0,0.5,0.5,0.5,1.0
1041,sbm,0.45,710,4.33,3,1.0,1.0,1.0,1.0,1.0,1.0,0.0
1042,sbm,0.45,710,4.67,4,1.0,1.0,1.0,1.0,0.75,0.5,1.0
1043,sbm,0.45,710,7.0,2,1.0,1.0,1.0,1.0,1.0,0.5,0.5
1044,sbm,0.45,710,7.33,1,1.0,1.0,1.0,1.0,1.0,1.0,1.0
1045,sbm,0.6500000000000001,710,1.33,3,1.0,0.6666666666666666,1.0,1.0,1.0,0.6666666666666666,0.0
1046,sbm,0.6500000000000001,710,4.0,3,1.0,1.0,1.0,1.0,1.0,1.0,0.3333333333333333
1047,sbm,0.6500000000000001,710,4.33,5,1.0,1.0,1.0,1.0,0.8000000000000002,0.4000000000000001,0.0
1048,sbm,0.6500000000000001,710,7.0,2,0.5,0.5,1.0,0.5,0.5,0.0,0.0
1049,sbm,0.6500000000000001,710,7.33,1,1.0,1.0,1.0,0.0,0.0,0.0,1.0
1050,sbm,0.6500000000000001,710,10.0,1,1.0,1.0,0.0,0.0,0.0,0.0,0.0
1051,sbm,0.8500000000000001,710,1.0,1,1.0,1.0,1.0,1.0,1.0,1.0,0.0
1052,sbm,0.8500000000000001,710,1.33,5,0.6,1.0,1.0,0.8000000000000002,0.6,0.4000000000000001,0.20000000000000004
1053,sbm,0.8500000000000001,710,2.0,1,1.0,1.0,1.0,1.0,0.0,0.0,1.0
1054,sbm,0.8500000000000001,710,4.33,7,0.8571428571428571,1.0,0.8571428571428571,1.0,0.8571428571428571,0.42857142857142855,0.14285714285714285
1055,sbm,0.8500000000000001,710,4.67,6,0.8333333333333334,0.8333333333333334,0.5,0.6666666666666666,0.6666666666666666,0.3333333333333333,0.3333333333333333
1056,sbm,0.8500000000000001,710,7.0,5,0.8000000000000002,0.4000000000000001,0.4000000000000001,0.20000000000000004,0.4000000000000001,0.4000000000000001,0.4000000000000001
1057,sbm,0.8500000000000001,710,7.33,2,0.5,0.5,0.5,0.5,0.5,0.5,0.0
1058,sbm,1.05,710,1.33,2,1.0,1.0,1.0,1.0,0.5,0.0,0.5
1059,sbm,1.05,710,1.67,1,1.0,1.0,1.0,1.0,0.0,0.0,0.0
1060,sbm,1.05,710,4.0,1,1.0,1.0,0.0,0.0,1.0,1.0,0.0
1061,sbm,1.05,710,4.33,6,0.8333333333333334,0.8333333333333334,0.8333333333333334,0.6666666666666666,0.6666666666666666,0.8333333333333334,0.6666666666666666
1062,sbm,1.05,710,7.0,1,1.0,1.0,1.0,1.0,1.0,1.0,1.0
1063,sbm,1.05,710,7.33,1,0.0,0.0,0.0,0.0,1.0,1.0,1.0
1064,sbm,1.2500000000000002,710,1.0,1,1.0,1.0,1.0,1.0,1.0,1.0,0.0
1065,sbm,1.2500000000000002,710,1.33,3,1.0,1.0,1.0,1.0,0.6666666666666666,0.6666666666666666,0.6666666666666666
1066,sbm,1.2500000000000002,710,1.67,1,1.0,1.0,1.0,0.0,1.0,0.0,0.0
1067,sbm,1.2500000000000002,710,2.0,1,1.0,1.0,1.0,1.0,1.0,1.0,0.0
1068,sbm,1.2500000000000002,710,4.0,1,1.0,1.0,1.0,0.0,1.0,0.0,1.0
1069,sbm,1.2500000000000002,710,7.0,2,1.0,1.0,1.0,1.0,1.0,0.5,1.0
1070,sbm,1.2500000000000002,710,7.33,2,1.0,1.0,1.0,1.0,1.0,1.0,0.5
1071,sbm,1.4500000000000002,710,1.33,1,1.0,1.0,1.0,1.0,1.0,1.0,0.0
1072,sbm,1.4500000000000002,710,1.67,1,1.0,1.0,1.0,1.0,1.0,0.0,1.0
1073,sbm,1.4500000000000002,710,4.0,1,1.0,1.0,1.0,1.0,1.0,0.0,1.0
1074,sbm,1.4500000000000002,710,4.33,3,1.0,1.0,1.0,1.0,1.0,1.0,1.0
1075,sbm,1.4500000000000002,710,4.67,5,1.0,1.0,1.0,1.0,0.6,0.8000000000000002,1.0
1076,sbm,1.4500000000000002,710,7.0,1,1.0,1.0,1.0,1.0,0.0,1.0,1.0
1077,sbm,1.4500000000000002,710,7.33,5,1.0,1.0,1.0,1.0,0.8000000000000002,0.8000000000000002,1.0
1078,sbm,1.6500000000000001,710,2.0,2,1.0,1.0,1.0,1.0,1.0,0.5,0.0
1079,sbm,1.6500000000000001,710,4.0,2,1.0,1.0,1.0,1.0,1.0,1.0,1.0
1080,sbm,1.6500000000000001,710,4.33,1,1.0,1.0,1.0,1.0,1.0,1.0,1.0
1081,sbm,1.6500000000000001,710,7.0,1,1.0,1.0,1.0,1.0,0.0,1.0,1.0
1082,sbm,1.6500000000000001,710,7.33,1,1.0,1.0,1.0,1.0,1.0,0.0,1.0
1083,sbm,1.6500000000000001,710,10.0,1,1.0,1.0,1.0,1.0,1.0,1.0,1.0
1084,sbm,1.85,710,1.33,1,1.0,1.0,1.0,0.0,1.0,1.0,1.0
1085,sbm,1.85,710,1.67,3,1.0,1.0,0.6666666666666666,1.0,0.6666666666666666,0.6666666666666666,0.6666666666666666
1086,sbm,1.85,710,2.0,1,1.0,1.0,1.0,1.0,1.0,1.0,0.0
1087,sbm,1.85,710,4.0,3,0.6666666666666666,1.0,1.0,1.0,0.6666666666666666,1.0,1.0
1088,sbm,1.85,710,4.33,5,1.0,1.0,1.0,1.0,1.0,0.8000000000000002,1.0
1089,sbm,1.85,710,7.0,2,1.0,1.0,1.0,1.0,1.0,1.0,1.0
1090,sbm,1.85,710,7.33,1,1.0,1.0,1.0,1.0,1.0,1.0,1.0
1091,sbm,0.05,760,1.33,3,1.0,1.0,0.6666666666666666,0.6666666666666666,1.0,0.3333333333333333,0.6666666666666666
1092,sbm,0.05,760,1.67,4,1.0,1.0,1.0,1.0,1.0,0.75,0.25
1093,sbm,0.05,760,4.0,2,1.0,1.0,1.0,0.5,1.0,0.5,0.5
1094,sbm,0.05,760,4.33,3,0.6666666666666666,0.6666666666666666,1.0,0.6666666666666666,0.6666666666666666,0.6666666666666666,0.3333333333333333
1095,sbm,0.05,760,4.67,4,1.0,1.0,1.0,0.5,1.0,0.5,0.25
1096,sbm,0.05,760,7.0,5,1.0,1.0,0.8000000000000002,0.6,1.0,0.6,0.4000000000000001
1097,sbm,0.05,760,7.33,3,1.0,1.0,1.0,1.0,1.0,0.6666666666666666,0.3333333333333333
1098,sbm,0.05,760,10.0,2,1.0,1.0,1.0,0.5,1.0,1.0,0.5
1099,sbm,0.25,760,1.0,1,1.0,1.0,1.0,0.0,1.0,1.0,0.0
1100,sbm,0.25,760,1.33,4,1.0,1.0,1.0,0.5,1.0,0.75,0.5
1101,sbm,0.25,760,4.0,2,1.0,1.0,1.0,1.0,0.5,1.0,0.5
1102,sbm,0.25,760,4.33,6,0.8333333333333334,0.8333333333333334,1.0,0.8333333333333334,1.0,0.6666666666666666,0.8333333333333334
1103,sbm,0.25,760,4.67,2,1.0,1.0,1.0,1.0,1.0,0.5,0.5
1104,sbm,0.25,760,7.33,2,1.0,1.0,1.0,1.0,1.0,1.0,0.0
1105,sbm,0.25,760,10.0,3,1.0,1.0,0.6666666666666666,1.0,1.0,0.6666666666666666,0.3333333333333333
1106,sbm,0.45,760,1.33,1,0.0,1.0,1.0,1.0,1.0,1.0,0.0
1107,sbm,0.45,760,1.67,1,1.0,1.0,0.0,1.0,1.0,1.0,0.0
1108,sbm,0.45,760,2.0,2,1.0,1.0,1.0,1.0,1.0,1.0,1.0
1109,sbm,0.45,760,4.0,1,1.0,1.0,1.0,0.0,1.0,1.0,1.0
1110,sbm,0.45,760,4.33,6,1.0,1.0,1.0,1.0,0.6666666666666666,1.0,0.6666666666666666
1111,sbm,0.45,760,7.0,3,1.0,1.0,0.6666666666666666,1.0,1.0,1.0,0.6666666666666666
1112,sbm,0.6500000000000001,760,1.33,4,1.0,1.0,0.75,1.0,1.0,0.25,0.5
1113,sbm,0.6500000000000001,760,1.67,2,1.0,1.0,1.0,1.0,1.0,0.5,0.0
1114,sbm,0.6500000000000001,760,4.0,1,1.0,1.0,0.0,1.0,1.0,1.0,1.0
1115,sbm,0.6500000000000001,760,4.33,4,1.0,1.0,1.0,1.0,0.75,0.5,0.25
1116,sbm,0.6500000000000001,760,4.67,3,1.0,1.0,1.0,1.0,0.6666666666666666,0.6666666666666666,0.3333333333333333
1117,sbm,0.6500000000000001,760,7.0,2,1.0,1.0,1.0,1.0,1.0,0.5,0.0
1118,sbm,0.6500000000000001,760,7.33,1,1.0,1.0,1.0,1.0,1.0,0.0,0.0
1119,sbm,0.6500000000000001,760,10.0,1,1.0,1.0,1.0,1.0,1.0,1.0,0.0
1120,sbm,0.8500000000000001,760,1.33,1,1.0,1.0,0.0,0.0,1.0,0.0,1.0
1121,sbm,0.8500000000000001,760,1.67,3,1.0,1.0,0.6666666666666666,0.6666666666666666,0.6666666666666666,0.6666666666666666,0.6666666666666666
1122,sbm,0.8500000000000001,760,4.0,1,1.0,1.0,1.0,1.0,1.0,1.0,1.0
1123,sbm,0.8500000000000001,760,4.33,3,1.0,1.0,1.0,1.0,1.0,0.6666666666666666,1.0
1124,sbm,0.8500000000000001,760,4.67,4,1.0,1.0,1.0,1.0,1.0,0.75,0.0
1125,sbm,0.8500000000000001,760,7.0,1,1.0,1.0,1.0,1.0,1.0,1.0,0.0
1126,sbm,0.8500000000000001,760,7.33,5,0.8000000000000002,1.0,0.8000000000000002,0.8000000000000002,1.0,1.0,0.20000000000000004
1127,sbm,1.05,760,1.33,2,1.0,1.0,1.0,1.0,1.0,0.5,0.0
1128,sbm,1.05,760,1.67,2,1.0,1.0,1.0,1.0,1.0,1.0,0.0
1129,sbm,1.05,760,2.0,1,1.0,1.0,1.0,0.0,0.0,0.0,0.0
1130,sbm,1.05,760,4.0,1,1.0,1.0,1.0,1.0,0.0,1.0,1.0
1131,sbm,1.05,760,4.67,1,1.0,1.0,1.0,1.0,1.0,1.0,1.0
1132,sbm,1.05,760,7.0,2,1.0,1.0,1.0,1.0,1.0,0.5,0.5
1133,sbm,1.05,760,7.33,4,1.0,1.0,1.0,1.0,0.75,1.0,0.75
1134,sbm,1.2500000000000002,760,1.33,3,1.0,1.0,1.0,0.6666666666666666,1.0,0.6666666666666666,0.0
1135,sbm,1.2500000000000002,760,2.0,1,1.0,1.0,1.0,1.0,1.0,1.0,0.0
1136,sbm,1.2500000000000002,760,4.0,2,1.0,1.0,1.0,1.0,1.0,1.0,0.5
1137,sbm,1.2500000000000002,760,4.33,6,1.0,1.0,1.0,1.0,1.0,0.6666666666666666,0.8333333333333334
1138,sbm,1.2500000000000002,760,4.67,1,1.0,1.0,1.0,1.0,1.0,1.0,0.0
1139,sbm,1.2500000000000002,760,7.0,2,1.0,1.0,1.0,0.5,1.0,0.5,1.0
1140,sbm,1.2500000000000002,760,7.33,1,1.0,1.0,1.0,1.0,1.0,1.0,1.0
1141,sbm,1.4500000000000002,760,1.0,1,1.0,1.0,1.0,1.0,0.0,1.0,1.0
1142,sbm,1.4500000000000002,760,1.33,1,1.0,1.0,1.0,1.0,1.0,0.0,0.0
1143,sbm,1.4500000000000002,760,1.67,4,1.0,1.0,1.0,1.0,0.75,1.0,0.0
1144,sbm,1.4500000000000002,760,4.0,4,1.0,1.0,1.0,1.0,1.0,0.75,1.0
1145,sbm,1.4500000000000002,760,4.33,2,1.0,1.0,1.0,1.0,1.0,0.5,1.0
1146,sbm,1.4500000000000002,760,4.67,3,1.0,1.0,1.0,1.0,1.0,0.3333333333333333,1.0
1147,sbm,1.4500000000000002,760,7.0,1,1.0,1.0,1.0,1.0,1.0,1.0,1.0
1148,sbm,1.4500000000000002,760,7.33,2,1.0,1.0,1.0,1.0,1.0,1.0,0.5
1149,sbm,1.4500000000000002,760,10.0,3,1.0,1.0,1.0,1.0,1.0,0.6666666666666666,1.0
1150,sbm,1.6500000000000001,760,1.0,1,1.0,1.0,1.0,1.0,1.0,1.0,1.0
1151,sbm,1.6500000000000001,760,1.33,2,1.0,1.0,1.0,1.0,1.0,1.0,0.5
1152,sbm,1.6500000000000001,760,4.33,3,1.0,1.0,1.0,1.0,0.6666666666666666,1.0,1.0
1153,sbm,1.6500000000000001,760,7.0,3,1.0,1.0,1.0,1.0,1.0,0.6666666666666666,1.0
1154,sbm,1.85,760,1.0,1,1.0,1.0,1.0,1.0,1.0,1.0,0.0
1155,sbm,1.85,760,1.33,2,1.0,1.0,1.0,1.0,1.0,1.0,0.5
1156,sbm,1.85,760,1.67,1,1.0,1.0,1.0,1.0,1.0,1.0,1.0
1157,sbm,1.85,760,2.0,1,1.0,1.0,1.0,1.0,1.0,1.0,0.0
1158,sbm,1.85,760,4.0,3,1.0,1.0,1.0,1.0,1.0,1.0,1.0
1159,sbm,1.85,760,4.33,3,1.0,1.0,1.0,1.0,0.6666666666666666,0.6666666666666666,0.6666666666666666
1160,sbm,1.85,760,4.67,1,1.0,1.0,1.0,1.0,1.0,1.0,1.0
1161,sbm,1.85,760,7.0,3,1.0,1.0,1.0,1.0,1.0,1.0,1.0
1162,sbm,1.85,760,7.33,2,1.0,1.0,1.0,1.0,1.0,1.0,1.0
1163,sbm,1.85,760,10.0,1,1.0,1.0,1.0,1.0,1.0,1.0,1.0
1164,sbm,0.05,810,1.0,1,1.0,1.0,1.0,1.0,1.0,1.0,1.0
1165,sbm,0.05,810,1.33,1,1.0,1.0,1.0,1.0,1.0,1.0,0.0
1166,sbm,0.05,810,1.67,1,1.0,1.0,1.0,1.0,1.0,0.0,1.0
1167,sbm,0.05,810,4.0,4,1.0,1.0,1.0,0.75,1.0,0.5,0.75
1168,sbm,0.05,810,4.33,4,1.0,1.0,1.0,1.0,0.75,0.75,0.5
1169,sbm,0.05,810,4.67,5,1.0,1.0,1.0,0.8000000000000002,1.0,0.4000000000000001,0.6
1170,sbm,0.05,810,7.0,1,1.0,1.0,1.0,1.0,1.0,1.0,1.0
1171,sbm,0.05,810,7.33,3,1.0,1.0,1.0,1.0,1.0,1.0,0.6666666666666666
1172,sbm,0.25,810,1.33,3,1.0,1.0,1.0,0.6666666666666666,1.0,1.0,0.6666666666666666
1173,sbm,0.25,810,1.67,3,1.0,1.0,1.0,1.0,1.0,1.0,0.0
1174,sbm,0.25,810,2.0,1,1.0,1.0,1.0,1.0,1.0,1.0,0.0
1175,sbm,0.25,810,4.0,2,1.0,1.0,1.0,1.0,1.0,1.0,0.5
1176,sbm,0.25,810,4.33,10,1.0,1.0,1.0,0.9,0.8000000000000002,0.7,0.5
1177,sbm,0.25,810,4.67,1,1.0,1.0,1.0,1.0,1.0,1.0,1.0
1178,sbm,0.25,810,7.0,4,0.75,0.75,0.5,0.5,0.75,0.75,0.25
1179,sbm,0.25,810,7.33,2,1.0,1.0,1.0,1.0,1.0,0.5,0.5
1180,sbm,0.25,810,10.0,1,1.0,1.0,0.0,1.0,0.0,1.0,0.0
1181,sbm,0.45,810,1.0,2,1.0,1.0,1.0,1.0,1.0,1.0,0.0
1182,sbm,0.45,810,1.33,3,1.0,1.0,1.0,1.0,1.0,1.0,0.3333333333333333
1183,sbm,0.45,810,1.67,4,1.0,0.75,1.0,1.0,1.0,0.5,0.5
1184,sbm,0.45,810,4.0,2,0.5,0.5,0.5,0.5,0.5,1.0,0.5
1185,sbm,0.45,810,4.33,4,1.0,1.0,1.0,1.0,1.0,0.75,0.25
1186,sbm,0.45,810,4.67,1,1.0,1.0,1.0,1.0,1.0,1.0,0.0
1187,sbm,0.45,810,7.0,4,1.0,0.75,0.75,1.0,0.75,0.75,0.25
1188,sbm,0.45,810,7.33,2,1.0,1.0,1.0,1.0,1.0,1.0,0.5
1189,sbm,0.6500000000000001,810,1.0,2,1.0,1.0,1.0,1.0,1.0,0.5,0.0
1190,sbm,0.6500000000000001,810,1.33,3,1.0,1.0,1.0,0.6666666666666666,1.0,0.6666666666666666,0.3333333333333333
1191,sbm,0.6500000000000001,810,1.67,1,1.0,1.0,1.0,1.0,1.0,0.0,0.0
1192,sbm,0.6500000000000001,810,2.0,1,1.0,1.0,1.0,1.0,1.0,1.0,0.0
1193,sbm,0.6500000000000001,810,4.0,2,1.0,1.0,1.0,1.0,0.5,0.5,0.5
1194,sbm,0.6500000000000001,810,4.33,3,1.0,1.0,1.0,1.0,1.0,1.0,0.0
1195,sbm,0.6500000000000001,810,4.67,6,1.0,1.0,1.0,1.0,1.0,0.5,0.16666666666666666
1196,sbm,0.6500000000000001,810,7.0,1,1.0,1.0,1.0,1.0,1.0,1.0,0.0
1197,sbm,0.6500000000000001,810,7.33,1,1.0,1.0,1.0,1.0,1.0,1.0,0.0
1198,sbm,0.8500000000000001,810,1.0,1,1.0,1.0,1.0,1.0,0.0,0.0,0.0
1199,sbm,0.8500000000000001,810,1.33,1,1.0,1.0,1.0,1.0,1.0,1.0,1.0
1200,sbm,0.8500000000000001,810,1.67,1,1.0,1.0,1.0,1.0,1.0,1.0,0.0
1201,sbm,0.8500000000000001,810,4.0,3,1.0,0.6666666666666666,1.0,1.0,0.6666666666666666,0.3333333333333333,0.6666666666666666
1202,sbm,0.8500000000000001,810,4.33,5,1.0,1.0,1.0,0.8000000000000002,0.8000000000000002,0.6,0.20000000000000004
1203,sbm,0.8500000000000001,810,4.67,2,1.0,1.0,1.0,1.0,1.0,1.0,1.0
1204,sbm,0.8500000000000001,810,7.33,1,1.0,0.0,0.0,0.0,1.0,0.0,0.0
1205,sbm,1.05,810,1.0,1,1.0,1.0,1.0,1.0,1.0,0.0,0.0
1206,sbm,1.05,810,1.33,1,1.0,1.0,1.0,0.0,1.0,1.0,1.0
1207,sbm,1.05,810,1.67,2,1.0,0.5,1.0,0.5,1.0,0.5,0.5
1208,sbm,1.05,810,2.0,1,1.0,1.0,1.0,1.0,0.0,0.0,0.0
1209,sbm,1.05,810,4.0,1,1.0,1.0,1.0,1.0,0.0,0.0,1.0
1210,sbm,1.05,810,4.33,1,1.0,1.0,1.0,1.0,1.0,1.0,1.0
1211,sbm,1.05,810,4.67,2,1.0,1.0,1.0,1.0,1.0,0.5,1.0
1212,sbm,1.05,810,7.33,1,1.0,1.0,1.0,1.0,1.0,1.0,1.0
1213,sbm,1.05,810,10.0,1,1.0,1.0,1.0,1.0,1.0,0.0,1.0
1214,sbm,1.2500000000000002,810,1.33,1,1.0,1.0,1.0,0.0,1.0,0.0,0.0
1215,sbm,1.2500000000000002,810,1.67,2,1.0,1.0,1.0,1.0,0.0,1.0,0.5
1216,sbm,1.2500000000000002,810,2.0,1,1.0,1.0,1.0,1.0,1.0,0.0,1.0
1217,sbm,1.2500000000000002,810,4.0,2,1.0,1.0,1.0,1.0,1.0,0.0,1.0
1218,sbm,1.2500000000000002,810,4.33,4,1.0,1.0,0.75,1.0,1.0,0.75,0.75
1219,sbm,1.2500000000000002,810,4.67,1,1.0,1.0,0.0,1.0,0.0,0.0,1.0
1220,sbm,1.2500000000000002,810,7.0,1,1.0,1.0,1.0,1.0,1.0,1.0,1.0
1221,sbm,1.2500000000000002,810,7.33,1,1.0,1.0,1.0,1.0,1.0,1.0,1.0
1222,sbm,1.2500000000000002,810,10.0,1,1.0,1.0,1.0,1.0,1.0,1.0,1.0
1223,sbm,1.4500000000000002,810,1.0,1,1.0,1.0,1.0,1.0,1.0,1.0,0.0
1224,sbm,1.4500000000000002,810,1.33,1,1.0,1.0,1.0,1.0,1.0,1.0,1.0
1225,sbm,1.4500000000000002,810,1.67,1,1.0,1.0,1.0,1.0,1.0,1.0,0.0
1226,sbm,1.4500000000000002,810,2.0,1,1.0,1.0,1.0,1.0,1.0,0.0,0.0
1227,sbm,1.4500000000000002,810,4.0,2,1.0,1.0,1.0,0.5,0.5,0.5,1.0
1228,sbm,1.4500000000000002,810,4.67,2,1.0,1.0,1.0,1.0,1.0,0.5,1.0
1229,sbm,1.4500000000000002,810,7.0,2,1.0,1.0,1.0,1.0,1.0,0.5,1.0
1230,sbm,1.4500000000000002,810,7.33,5,1.0,1.0,1.0,1.0,0.8000000000000002,0.8000000000000002,1.0
1231,sbm,1.4500000000000002,810,10.0,1,1.0,1.0,1.0,1.0,1.0,1.0,1.0
1232,sbm,1.6500000000000001,810,1.0,1,1.0,1.0,0.0,0.0,0.0,0.0,1.0
1233,sbm,1.6500000000000001,810,1.33,1,1.0,1.0,1.0,1.0,1.0,1.0,0.0
1234,sbm,1.6500000000000001,810,4.0,1,1.0,1.0,1.0,1.0,1.0,0.0,1.0
1235,sbm,1.6500000000000001,810,4.67,3,1.0,1.0,1.0,1.0,1.0,1.0,1.0
1236,sbm,1.6500000000000001,810,7.0,1,1.0,1.0,1.0,1.0,1.0,1.0,1.0
1237,sbm,1.6500000000000001,810,7.33,1,1.0,1.0,1.0,1.0,1.0,0.0,1.0
1238,sbm,1.85,810,1.0,1,1.0,1.0,1.0,1.0,1.0,1.0,1.0
1239,sbm,1.85,810,1.67,1,1.0,1.0,1.0,1.0,1.0,1.0,1.0
1240,sbm,1.85,810,4.0,1,1.0,1.0,1.0,1.0,1.0,1.0,1.0
1241,sbm,1.85,810,4.33,3,1.0,1.0,1.0,1.0,1.0,1.0,1.0
1242,sbm,1.85,810,4.67,1,1.0,1.0,1.0,1.0,1.0,1.0,1.0
1243,sbm,0.05,860,1.33,1,1.0,1.0,1.0,1.0,1.0,1.0,1.0
1244,sbm,0.05,860,1.67,1,1.0,1.0,1.0,1.0,0.0,1.0,1.0
1245,sbm,0.05,860,2.0,2,1.0,1.0,1.0,0.5,1.0,1.0,0.5
1246,sbm,0.05,860,4.0,4,1.0,1.0,1.0,1.0,0.75,0.5,0.0
1247,sbm,0.05,860,4.33,4,1.0,1.0,1.0,0.75,0.75,0.25,0.5
1248,sbm,0.05,860,4.67,2,1.0,0.5,1.0,1.0,1.0,0.5,0.5
1249,sbm,0.05,860,7.0,1,1.0,0.0,1.0,0.0,0.0,0.0,0.0
1250,sbm,0.05,860,7.33,1,1.0,1.0,1.0,1.0,1.0,1.0,0.0
1251,sbm,0.25,860,1.33,3,1.0,1.0,1.0,0.6666666666666666,1.0,0.6666666666666666,1.0
1252,sbm,0.25,860,1.67,3,1.0,1.0,1.0,0.6666666666666666,1.0,0.6666666666666666,0.3333333333333333
1253,sbm,0.25,860,2.0,1,1.0,1.0,1.0,1.0,1.0,0.0,0.0
1254,sbm,0.25,860,4.0,2,1.0,1.0,1.0,1.0,0.5,1.0,0.0
1255,sbm,0.25,860,4.33,1,1.0,1.0,1.0,1.0,1.0,1.0,0.0
1256,sbm,0.25,860,4.67,3,1.0,1.0,1.0,1.0,1.0,0.6666666666666666,0.6666666666666666
1257,sbm,0.25,860,7.0,3,1.0,1.0,1.0,1.0,1.0,0.6666666666666666,1.0
1258,sbm,0.25,860,7.33,2,1.0,1.0,0.0,1.0,1.0,1.0,0.0
1259,sbm,0.45,860,1.33,2,1.0,1.0,0.5,1.0,0.5,1.0,0.0
1260,sbm,0.45,860,4.0,2,1.0,1.0,1.0,1.0,1.0,0.5,0.0
1261,sbm,0.45,860,4.33,4,1.0,1.0,1.0,1.0,0.75,0.5,0.0
1262,sbm,0.45,860,4.67,2,1.0,1.0,1.0,1.0,1.0,1.0,1.0
1263,sbm,0.45,860,7.33,4,1.0,1.0,1.0,1.0,1.0,0.5,0.5
1264,sbm,0.6500000000000001,860,1.0,2,0.5,0.5,1.0,0.5,1.0,0.0,0.0
1265,sbm,0.6500000000000001,860,1.33,2,1.0,1.0,1.0,1.0,1.0,0.5,1.0
1266,sbm,0.6500000000000001,860,1.67,4,1.0,1.0,1.0,1.0,0.5,0.5,0.25
1267,sbm,0.6500000000000001,860,4.0,7,1.0,1.0,0.7142857142857143,1.0,0.8571428571428571,0.2857142857142857,0.0
1268,sbm,0.6500000000000001,860,4.33,5,1.0,1.0,1.0,1.0,0.8000000000000002,0.6,0.20000000000000004
1269,sbm,0.6500000000000001,860,4.67,3,1.0,1.0,1.0,1.0,0.6666666666666666,0.3333333333333333,0.3333333333333333
1270,sbm,0.6500000000000001,860,7.0,4,1.0,1.0,1.0,0.75,1.0,1.0,0.5
1271,sbm,0.6500000000000001,860,7.33,2,1.0,1.0,1.0,1.0,1.0,0.5,0.0
1272,sbm,0.8500000000000001,860,1.33,4,0.5,0.75,0.5,0.75,0.75,0.75,0.0
1273,sbm,0.8500000000000001,860,1.67,3,0.6666666666666666,1.0,0.6666666666666666,0.6666666666666666,0.3333333333333333,0.6666666666666666,0.3333333333333333
1274,sbm,0.8500000000000001,860,4.0,3,0.3333333333333333,0.3333333333333333,0.6666666666666666,0.3333333333333333,0.6666666666666666,0.3333333333333333,0.6666666666666666
1275,sbm,0.8500000000000001,860,4.33,4,0.75,0.75,0.5,0.5,0.75,0.75,0.0
1276,sbm,0.8500000000000001,860,7.0,3,1.0,1.0,0.6666666666666666,0.6666666666666666,0.6666666666666666,0.6666666666666666,0.0
1277,sbm,0.8500000000000001,860,7.33,4,0.75,0.75,0.5,0.75,0.5,0.25,0.75
1278,sbm,0.8500000000000001,860,10.0,2,1.0,0.5,0.5,0.5,0.5,0.5,0.5
1279,sbm,1.05,860,1.33,3,1.0,1.0,0.6666666666666666,1.0,0.6666666666666666,0.6666666666666666,0.3333333333333333
1280,sbm,1.05,860,1.67,1,1.0,1.0,1.0,1.0,1.0,0.0,0.0
1281,sbm,1.05,860,4.0,1,1.0,1.0,0.0,1.0,0.0,0.0,0.0
1282,sbm,1.05,860,4.33,3,1.0,1.0,1.0,1.0,0.6666666666666666,0.6666666666666666,1.0
1283,sbm,1.05,860,4.67,1,1.0,1.0,1.0,1.0,1.0,1.0,1.0
1284,sbm,1.05,860,7.33,2,1.0,1.0,1.0,1.0,0.5,1.0,1.0
1285,sbm,1.2500000000000002,860,1.0,2,1.0,1.0,1.0,1.0,1.0,0.5,1.0
1286,sbm,1.2500000000000002,860,1.67,1,1.0,1.0,1.0,1.0,1.0,1.0,0.0
1287,sbm,1.2500000000000002,860,2.0,2,1.0,1.0,1.0,1.0,0.5,1.0,0.5
1288,sbm,1.2500000000000002,860,4.0,3,1.0,1.0,1.0,1.0,0.6666666666666666,0.6666666666666666,1.0
1289,sbm,1.2500000000000002,860,4.33,3,1.0,1.0,1.0,1.0,0.3333333333333333,0.6666666666666666,0.6666666666666666
1290,sbm,1.2500000000000002,860,4.67,1,1.0,1.0,1.0,1.0,1.0,1.0,1.0
1291,sbm,1.2500000000000002,860,7.33,1,1.0,1.0,1.0,1.0,1.0,0.0,1.0
1292,sbm,1.4500000000000002,860,1.0,1,1.0,1.0,1.0,1.0,1.0,0.0,1.0
1293,sbm,1.4500000000000002,860,1.33,4,1.0,1.0,1.0,1.0,1.0,0.75,0.5
1294,sbm,1.4500000000000002,860,1.67,3,1.0,1.0,1.0,1.0,1.0,1.0,0.0
1295,sbm,1.4500000000000002,860,2.0,1,1.0,1.0,1.0,1.0,1.0,1.0,0.0
1296,sbm,1.4500000000000002,860,4.0,3,1.0,1.0,1.0,1.0,0.6666666666666666,1.0,1.0
1297,sbm,1.4500000000000002,860,4.33,3,1.0,1.0,1.0,1.0,0.6666666666666666,0.6666666666666666,1.0
1298,sbm,1.4500000000000002,860,4.67,3,1.0,1.0,1.0,1.0,1.0,0.6666666666666666,0.6666666666666666
1299,sbm,1.4500000000000002,860,7.33,1,1.0,1.0,1.0,1.0,1.0,1.0,1.0
1300,sbm,1.4500000000000002,860,10.0,2,1.0,1.0,1.0,1.0,1.0,0.5,1.0
1301,sbm,1.6500000000000001,860,1.33,3,1.0,1.0,1.0,1.0,1.0,1.0,0.6666666666666666
1302,sbm,1.6500000000000001,860,4.0,2,1.0,1.0,1.0,1.0,1.0,0.0,1.0
1303,sbm,1.6500000000000001,860,4.67,1,1.0,1.0,1.0,1.0,1.0,0.0,1.0
1304,sbm,1.85,860,4.0,1,1.0,1.0,1.0,1.0,0.0,1.0,1.0
1305,sbm,1.85,860,4.67,4,1.0,1.0,1.0,1.0,1.0,0.5,1.0
1306,sbm,1.85,860,7.33,3,1.0,1.0,1.0,1.0,0.6666666666666666,1.0,1.0
1307,sbm,0.05,910,1.0,1,1.0,1.0,1.0,1.0,1.0,0.0,0.0
1308,sbm,0.05,910,1.33,4,1.0,1.0,0.75,0.75,0.75,0.75,0.5
1309,sbm,0.05,910,4.0,5,1.0,1.0,1.0,0.8000000000000002,0.8000000000000002,0.8000000000000002,0.6
1310,sbm,0.05,910,4.33,9,1.0,0.8888888888888888,0.7777777777777778,1.0,0.8888888888888888,0.5555555555555556,0.2222222222222222
1311,sbm,0.05,910,4.67,3,1.0,1.0,1.0,1.0,0.6666666666666666,0.6666666666666666,1.0
1312,sbm,0.05,910,7.0,4,1.0,1.0,1.0,0.75,1.0,0.5,0.5
1313,sbm,0.05,910,7.33,1,1.0,1.0,1.0,1.0,1.0,0.0,1.0
1314,sbm,0.05,910,10.0,3,1.0,1.0,1.0,0.6666666666666666,1.0,1.0,0.6666666666666666
1315,sbm,0.25,910,1.0,2,0.5,1.0,1.0,0.5,1.0,0.5,1.0
1316,sbm,0.25,910,1.67,3,1.0,1.0,1.0,1.0,1.0,0.6666666666666666,0.3333333333333333
1317,sbm,0.25,910,4.0,3,1.0,1.0,1.0,0.6666666666666666,1.0,0.3333333333333333,0.3333333333333333
1318,sbm,0.25,910,4.33,4,1.0,1.0,1.0,0.75,0.75,0.25,0.5
1319,sbm,0.25,910,4.67,3,1.0,1.0,1.0,1.0,1.0,1.0,0.6666666666666666
1320,sbm,0.25,910,7.0,2,1.0,1.0,1.0,1.0,1.0,0.5,0.5
1321,sbm,0.25,910,7.33,2,1.0,1.0,1.0,1.0,1.0,1.0,0.0
1322,sbm,0.45,910,1.33,2,1.0,1.0,1.0,1.0,0.5,1.0,1.0
1323,sbm,0.45,910,1.67,3,1.0,1.0,1.0,1.0,1.0,1.0,0.6666666666666666
1324,sbm,0.45,910,4.0,2,1.0,1.0,1.0,0.5,1.0,0.0,0.5
1325,sbm,0.45,910,4.33,7,1.0,1.0,1.0,1.0,0.8571428571428571,0.7142857142857143,0.42857142857142855
1326,sbm,0.45,910,4.67,1,1.0,1.0,0.0,0.0,1.0,0.0,1.0
1327,sbm,0.45,910,7.0,1,1.0,1.0,1.0,1.0,1.0,1.0,1.0
1328,sbm,0.45,910,7.33,2,1.0,1.0,1.0,1.0,1.0,0.0,0.5
1329,sbm,0.45,910,10.0,1,1.0,1.0,1.0,1.0,0.0,0.0,1.0
1330,sbm,0.6500000000000001,910,1.0,1,1.0,1.0,1.0,1.0,0.0,1.0,1.0
1331,sbm,0.6500000000000001,910,1.33,3,1.0,1.0,0.6666666666666666,1.0,1.0,0.3333333333333333,0.0
1332,sbm,0.6500000000000001,910,2.0,1,0.0,0.0,1.0,0.0,0.0,0.0,1.0
1333,sbm,0.6500000000000001,910,4.0,2,1.0,1.0,1.0,1.0,1.0,1.0,0.0
1334,sbm,0.6500000000000001,910,4.33,6,1.0,1.0,1.0,1.0,1.0,1.0,0.5
1335,sbm,0.6500000000000001,910,4.67,1,1.0,1.0,1.0,1.0,1.0,1.0,0.0
1336,sbm,0.6500000000000001,910,7.0,4,1.0,1.0,0.75,1.0,0.75,0.5,0.25
1337,sbm,0.6500000000000001,910,7.33,2,1.0,1.0,1.0,1.0,1.0,1.0,0.0
1338,sbm,0.6500000000000001,910,10.0,1,1.0,1.0,1.0,1.0,1.0,0.0,1.0
1339,sbm,0.8500000000000001,910,1.0,1,1.0,1.0,1.0,1.0,1.0,0.0,0.0
1340,sbm,0.8500000000000001,910,1.33,2,1.0,1.0,0.0,0.5,1.0,0.5,0.0
1341,sbm,0.8500000000000001,910,1.67,3,1.0,1.0,1.0,1.0,1.0,1.0,0.0
1342,sbm,0.8500000000000001,910,2.0,1,1.0,1.0,1.0,1.0,1.0,0.0,0.0
1343,sbm,0.8500000000000001,910,4.0,2,1.0,1.0,1.0,1.0,1.0,1.0,0.5
1344,sbm,0.8500000000000001,910,4.33,6,0.8333333333333334,0.6666666666666666,1.0,0.8333333333333334,0.8333333333333334,0.3333333333333333,0.3333333333333333
1345,sbm,0.8500000000000001,910,4.67,3,0.6666666666666666,0.6666666666666666,1.0,1.0,1.0,1.0,0.0
1346,sbm,0.8500000000000001,910,7.0,5,1.0,0.8000000000000002,1.0,0.8000000000000002,0.4000000000000001,0.4000000000000001,0.4000000000000001
1347,sbm,0.8500000000000001,910,7.33,2,1.0,1.0,1.0,1.0,0.5,1.0,0.0
1348,sbm,0.8500000000000001,910,10.0,2,1.0,1.0,1.0,1.0,1.0,1.0,0.5
1349,sbm,1.05,910,1.33,1,1.0,0.0,1.0,1.0,1.0,0.0,0.0
1350,sbm,1.05,910,1.67,1,1.0,0.0,1.0,1.0,0.0,0.0,0.0
1351,sbm,1.05,910,4.0,1,1.0,1.0,1.0,0.0,1.0,1.0,1.0
1352,sbm,1.05,910,4.33,2,1.0,1.0,1.0,1.0,1.0,0.0,0.0
1353,sbm,1.05,910,7.0,2,1.0,1.0,1.0,1.0,0.5,1.0,0.0
1354,sbm,1.05,910,7.33,2,1.0,1.0,1.0,1.0,1.0,1.0,1.0
1355,sbm,1.2500000000000002,910,4.33,4,1.0,1.0,1.0,0.75,1.0,0.75,1.0
1356,sbm,1.2500000000000002,910,4.67,1,1.0,1.0,1.0,1.0,1.0,1.0,1.0
1357,sbm,1.2500000000000002,910,7.0,3,1.0,1.0,1.0,1.0,1.0,0.6666666666666666,1.0
1358,sbm,1.2500000000000002,910,7.33,2,1.0,1.0,0.5,1.0,0.5,0.5,1.0
1359,sbm,1.2500000000000002,910,10.0,2,1.0,1.0,1.0,1.0,1.0,1.0,1.0
1360,sbm,1.4500000000000002,910,1.67,2,1.0,1.0,1.0,1.0,1.0,1.0,0.5
1361,sbm,1.4500000000000002,910,4.0,3,1.0,1.0,1.0,1.0,1.0,1.0,0.6666666666666666
1362,sbm,1.4500000000000002,910,4.33,10,1.0,1.0,1.0,1.0,0.9,0.8000000000000002,1.0
1363,sbm,1.4500000000000002,910,7.0,1,1.0,1.0,1.0,1.0,0.0,0.0,1.0
1364,sbm,1.4500000000000002,910,10.0,2,1.0,1.0,1.0,1.0,1.0,0.5,1.0
1365,sbm,1.6500000000000001,910,1.0,1,1.0,1.0,1.0,0.0,1.0,1.0,1.0
1366,sbm,1.6500000000000001,910,1.33,2,1.0,1.0,1.0,1.0,0.5,0.5,0.5
1367,sbm,1.6500000000000001,910,1.67,1,1.0,1.0,1.0,1.0,0.0,1.0,0.0
1368,sbm,1.6500000000000001,910,4.0,2,1.0,1.0,1.0,1.0,1.0,1.0,0.5
1369,sbm,1.6500000000000001,910,4.67,2,1.0,1.0,1.0,1.0,1.0,1.0,1.0
1370,sbm,1.85,910,1.33,1,1.0,1.0,1.0,1.0,1.0,0.0,1.0
1371,sbm,1.85,910,1.67,1,1.0,1.0,1.0,1.0,1.0,1.0,1.0
1372,sbm,1.85,910,4.33,1,1.0,1.0,1.0,1.0,1.0,0.0,1.0
1373,sbm,1.85,910,4.67,2,1.0,1.0,1.0,1.0,1.0,1.0,1.0
1374,sbm,1.85,910,7.0,1,1.0,1.0,1.0,1.0,0.0,1.0,1.0
1375,sbm,1.85,910,7.33,2,1.0,1.0,1.0,1.0,0.5,1.0,1.0
1376,sbm,0.05,960,1.33,1,1.0,1.0,1.0,1.0,1.0,1.0,1.0
1377,sbm,0.05,960,1.67,3,1.0,1.0,1.0,0.6666666666666666,1.0,0.6666666666666666,0.3333333333333333
1378,sbm,0.05,960,4.0,2,1.0,1.0,1.0,1.0,1.0,1.0,0.0
1379,sbm,0.05,960,4.33,6,1.0,1.0,1.0,0.8333333333333334,0.8333333333333334,0.5,0.3333333333333333
1380,sbm,0.05,960,7.0,1,1.0,1.0,1.0,1.0,1.0,1.0,0.0
1381,sbm,0.05,960,7.33,3,1.0,1.0,1.0,1.0,1.0,1.0,0.6666666666666666
1382,sbm,0.25,960,1.33,3,1.0,1.0,1.0,1.0,1.0,0.6666666666666666,0.3333333333333333
1383,sbm,0.25,960,1.67,4,1.0,0.75,1.0,0.75,1.0,0.5,0.5
1384,sbm,0.25,960,4.0,2,1.0,1.0,1.0,1.0,0.5,0.5,0.5
1385,sbm,0.25,960,4.33,4,1.0,1.0,1.0,1.0,1.0,0.75,0.5
1386,sbm,0.25,960,7.0,1,0.0,1.0,1.0,1.0,1.0,1.0,0.0
1387,sbm,0.25,960,7.33,2,1.0,1.0,1.0,1.0,1.0,0.5,0.5
1388,sbm,0.45,960,1.0,3,1.0,1.0,1.0,1.0,0.6666666666666666,0.6666666666666666,0.3333333333333333
1389,sbm,0.45,960,1.33,1,0.0,0.0,0.0,0.0,0.0,0.0,1.0
1390,sbm,0.45,960,1.67,3,1.0,1.0,1.0,1.0,0.6666666666666666,1.0,0.0
1391,sbm,0.45,960,2.0,1,1.0,1.0,1.0,1.0,1.0,0.0,0.0
1392,sbm,0.45,960,4.0,3,1.0,1.0,1.0,1.0,1.0,1.0,0.6666666666666666
1393,sbm,0.45,960,4.33,4,1.0,1.0,1.0,1.0,1.0,0.75,0.0
1394,sbm,0.45,960,4.67,4,1.0,1.0,1.0,1.0,1.0,0.5,0.75
1395,sbm,0.45,960,7.0,4,1.0,1.0,1.0,1.0,1.0,1.0,1.0
1396,sbm,0.45,960,7.33,2,1.0,1.0,1.0,1.0,1.0,1.0,0.5
1397,sbm,0.45,960,10.0,1,1.0,1.0,1.0,1.0,1.0,1.0,0.0
1398,sbm,0.6500000000000001,960,1.33,1,1.0,1.0,1.0,1.0,1.0,1.0,0.0
1399,sbm,0.6500000000000001,960,1.67,2,1.0,1.0,1.0,1.0,1.0,0.5,0.5
1400,sbm,0.6500000000000001,960,4.33,1,1.0,1.0,1.0,1.0,0.0,1.0,1.0
1401,sbm,0.6500000000000001,960,7.0,1,1.0,1.0,1.0,1.0,0.0,0.0,0.0
1402,sbm,0.6500000000000001,960,10.0,1,1.0,1.0,1.0,1.0,1.0,1.0,0.0
1403,sbm,0.8500000000000001,960,1.33,1,1.0,1.0,1.0,1.0,1.0,0.0,0.0
1404,sbm,0.8500000000000001,960,1.67,2,1.0,1.0,1.0,0.5,1.0,0.5,0.0
1405,sbm,0.8500000000000001,960,4.0,2,1.0,1.0,1.0,1.0,0.5,0.5,0.0
1406,sbm,0.8500000000000001,960,4.33,6,1.0,0.8333333333333334,0.8333333333333334,0.8333333333333334,0.8333333333333334,0.8333333333333334,0.3333333333333333
1407,sbm,0.8500000000000001,960,4.67,1,1.0,1.0,1.0,1.0,1.0,1.0,0.0
1408,sbm,0.8500000000000001,960,7.0,5,0.8000000000000002,0.8000000000000002,0.8000000000000002,0.6,0.8000000000000002,0.4000000000000001,0.4000000000000001
1409,sbm,0.8500000000000001,960,7.33,6,0.8333333333333334,0.8333333333333334,1.0,0.8333333333333334,0.8333333333333334,0.6666666666666666,0.3333333333333333
1410,sbm,0.8500000000000001,960,10.0,1,1.0,1.0,1.0,1.0,1.0,0.0,1.0
1411,sbm,1.05,960,1.0,1,1.0,1.0,1.0,0.0,1.0,0.0,0.0
1412,sbm,1.05,960,1.67,1,1.0,1.0,1.0,1.0,0.0,0.0,0.0
1413,sbm,1.05,960,4.0,3,1.0,0.6666666666666666,0.6666666666666666,1.0,1.0,1.0,0.6666666666666666
1414,sbm,1.05,960,4.33,2,1.0,1.0,1.0,1.0,1.0,0.5,1.0
1415,sbm,1.05,960,4.67,2,1.0,1.0,1.0,1.0,0.5,1.0,1.0
1416,sbm,1.05,960,10.0,1,1.0,1.0,1.0,1.0,1.0,0.0,1.0
1417,sbm,1.2500000000000002,960,1.33,2,1.0,1.0,1.0,1.0,1.0,1.0,0.5
1418,sbm,1.2500000000000002,960,1.67,1,1.0,1.0,1.0,1.0,1.0,1.0,0.0
1419,sbm,1.2500000000000002,960,4.33,3,1.0,1.0,1.0,1.0,0.6666666666666666,1.0,1.0
1420,sbm,1.2500000000000002,960,7.33,1,1.0,1.0,1.0,1.0,1.0,1.0,1.0
1421,sbm,1.4500000000000002,960,1.67,1,1.0,1.0,1.0,1.0,1.0,0.0,0.0
1422,sbm,1.4500000000000002,960,4.33,1,1.0,1.0,1.0,1.0,1.0,1.0,1.0
1423,sbm,1.4500000000000002,960,4.67,1,1.0,1.0,1.0,1.0,1.0,0.0,1.0
1424,sbm,1.4500000000000002,960,7.33,1,1.0,1.0,1.0,1.0,1.0,1.0,1.0
1425,sbm,1.6500000000000001,960,1.0,2,1.0,1.0,1.0,1.0,1.0,0.0,1.0
1426,sbm,1.6500000000000001,960,1.67,2,1.0,1.0,1.0,1.0,0.5,0.0,1.0
1427,sbm,1.6500000000000001,960,4.0,2,1.0,1.0,1.0,1.0,1.0,0.5,1.0
1428,sbm,1.6500000000000001,960,4.33,1,1.0,1.0,1.0,0.0,1.0,0.0,1.0
1429,sbm,1.6500000000000001,960,4.67,2,1.0,1.0,1.0,1.0,1.0,1.0,1.0
1430,sbm,1.6500000000000001,960,7.0,1,1.0,1.0,1.0,1.0,1.0,0.0,1.0
1431,sbm,1.6500000000000001,960,7.33,2,1.0,1.0,1.0,1.0,1.0,1.0,1.0
1432,sbm,1.85,960,1.33,3,1.0,1.0,1.0,0.6666666666666666,1.0,1.0,0.3333333333333333
1433,sbm,1.85,960,4.0,2,1.0,1.0,1.0,1.0,1.0,1.0,1.0
1434,sbm,1.85,960,4.33,4,1.0,1.0,1.0,1.0,0.75,1.0,1.0
1435,sbm,1.85,960,4.67,1,1.0,1.0,1.0,1.0,1.0,1.0,1.0
1436,sbm,1.85,960,7.0,3,1.0,1.0,1.0,1.0,1.0,1.0,1.0
1437,sbm,1.85,960,7.33,1,1.0,1.0,1.0,1.0,1.0,1.0,1.0
